season,SEASON_ID,Player_ID,game_id,GAME_DATE,MATCHUP,WL,MIN,FGM,FGA,FG_PCT,FG3M,FG3A,FG3_PCT,FTM,FTA,FT_PCT,OREB,DREB,REB,AST,STL,BLK,TOV,PF,PTS,PLUS_MINUS,VIDEO_AVAILABLE,game_date,player_game_number,team_game_number,game_date_team
2003-04,22003,2544,0020300014,"Oct 29, 2003",CLE @ SAC,L,42,12,20,0.6,0,2,0.0,1,3,0.333,2,4,6,9,4,0,2,3,25,-9,0,2003-10-29,1,1,2003-10-29
2003-04,22003,2544,0020300018,"Oct 30, 2003",CLE @ PHX,L,41,8,17,0.471,1,5,0.2,4,7,0.571,2,10,12,8,1,0,7,1,21,-3,0,2003-10-30,2,2,2003-10-30
2003-04,22003,2544,0020300038,"Nov 01, 2003",CLE @ POR,L,39,3,12,0.25,0,1,0.0,2,2,1.0,0,4,4,6,2,0,2,3,8,-21,0,2003-11-01,3,3,2003-11-01
2003-04,22003,2544,0020300057,"Nov 05, 2003",CLE vs. DEN,L,41,3,11,0.273,0,2,0.0,1,1,1.0,2,9,11,7,2,3,2,1,7,-3,0,2003-11-05,4,4,2003-11-05
2003-04,22003,2544,0020300068,"Nov 07, 2003",CLE @ IND,L,44,8,18,0.444,1,2,0.5,6,7,0.857,0,5,5,3,0,0,7,2,23,-7,0,2003-11-07,5,5,2003-11-07
2003-04,22003,2544,0020300078,"Nov 08, 2003",CLE vs. WAS,W,45,8,19,0.421,0,0,0.0,1,4,0.25,5,3,8,9,1,1,2,1,17,14,0,2003-11-08,6,6,2003-11-08
2003-04,22003,2544,0020300090,"Nov 10, 2003",CLE vs. NYK,W,34,7,12,0.583,3,3,1.0,0,0,0.0,1,4,5,4,1,1,2,0,17,20,0,2003-11-10,7,7,2003-11-10
2003-04,22003,2544,0020300106,"Nov 12, 2003",CLE @ MIA,L,42,6,15,0.4,2,5,0.4,4,6,0.667,1,2,3,7,2,1,4,3,18,-4,0,2003-11-12,8,8,2003-11-12
2003-04,22003,2544,0020300115,"Nov 14, 2003",CLE @ BOS,L,35,3,12,0.25,2,4,0.5,2,4,0.5,1,4,5,3,0,0,4,3,10,-1,0,2003-11-14,9,9,2003-11-14
2003-04,22003,2544,0020300130,"Nov 15, 2003",CLE vs. PHI,W,47,10,19,0.526,0,1,0.0,2,4,0.5,0,5,5,8,1,2,5,2,22,8,0,2003-11-15,10,10,2003-11-15
2003-04,22003,2544,0020300144,"Nov 18, 2003",CLE vs. LAC,W,39,6,16,0.375,0,2,0.0,2,4,0.5,2,5,7,8,0,1,3,2,14,1,0,2003-11-18,11,11,2003-11-18
2003-04,22003,2544,0020300153,"Nov 19, 2003",CLE @ WAS,L,39,10,18,0.556,2,4,0.5,6,8,0.75,2,5,7,8,2,1,4,2,28,-5,0,2003-11-19,12,12,2003-11-19
2003-04,22003,2544,0020300166,"Nov 21, 2003",CLE vs. MIN,L,35,8,19,0.421,0,2,0.0,3,3,1.0,2,7,9,2,1,0,1,4,19,-3,0,2003-11-21,13,13,2003-11-21
2003-04,22003,2544,0020300177,"Nov 22, 2003",CLE @ ATL,L,42,3,16,0.188,0,1,0.0,9,10,0.9,2,4,6,4,2,1,3,1,15,-6,0,2003-11-22,14,14,2003-11-22
2003-04,22003,2544,0020300203,"Nov 26, 2003",CLE @ NOH,L,39,5,17,0.294,1,4,0.25,4,4,1.0,2,6,8,9,0,0,4,1,15,-13,0,2003-11-26,15,15,2003-11-26
2003-04,22003,2544,0020300214,"Nov 28, 2003",CLE @ DET,L,36,2,8,0.25,0,2,0.0,2,3,0.667,0,2,2,7,0,0,4,3,6,-10,0,2003-11-28,16,16,2003-11-28
2003-04,22003,2544,0020300227,"Nov 29, 2003",CLE vs. MEM,L,55,14,28,0.5,3,6,0.5,2,3,0.667,2,14,16,7,1,1,8,1,33,-10,0,2003-11-29,17,17,2003-11-29
2003-04,22003,2544,0020300245,"Dec 02, 2003",CLE @ DEN,L,33,6,19,0.316,2,3,0.667,5,7,0.714,3,3,6,5,2,0,2,4,19,-12,0,2003-12-02,18,18,2003-12-02
2003-04,22003,2544,0020300255,"Dec 03, 2003",CLE @ LAC,L,34,2,13,0.154,0,3,0.0,0,0,0.0,4,2,6,8,2,0,5,2,4,3,0,2003-12-03,19,19,2003-12-03
2003-04,22003,2544,0020300273,"Dec 06, 2003",CLE vs. ATL,W,36,4,12,0.333,0,2,0.0,0,0,0.0,1,5,6,5,2,1,3,2,8,-5,0,2003-12-06,20,20,2003-12-06
2003-04,22003,2544,0020300289,"Dec 09, 2003",CLE vs. TOR,L,37,7,16,0.438,0,0,0.0,4,4,1.0,0,5,5,3,1,0,2,2,18,-2,0,2003-12-09,21,21,2003-12-09
2003-04,22003,2544,0020300306,"Dec 11, 2003",CLE vs. DET,W,43,8,21,0.381,1,3,0.333,6,8,0.75,1,2,3,9,1,1,4,3,23,9,0,2003-12-11,22,22,2003-12-11
2003-04,22003,2544,0020300322,"Dec 13, 2003",CLE vs. BOS,L,45,10,20,0.5,1,5,0.2,16,18,0.889,1,2,3,4,0,0,2,2,37,-2,0,2003-12-13,23,23,2003-12-13
2003-04,22003,2544,0020300334,"Dec 15, 2003",CLE @ IND,L,44,10,16,0.625,0,3,0.0,7,8,0.875,1,3,4,6,3,3,6,1,27,-12,0,2003-12-15,24,24,2003-12-15
2003-04,22003,2544,0020300348,"Dec 17, 2003",CLE vs. HOU,L,36,7,19,0.368,2,4,0.5,1,2,0.5,0,1,1,3,0,0,2,2,17,-9,0,2003-12-17,25,25,2003-12-17
2003-04,22003,2544,0020300360,"Dec 19, 2003",CLE @ PHI,W,42,14,24,0.583,5,7,0.714,3,3,1.0,1,3,4,5,4,0,4,1,36,9,0,2003-12-19,26,26,2003-12-19
2003-04,22003,2544,0020300374,"Dec 20, 2003",CLE @ CHI,W,42,11,22,0.5,0,5,0.0,10,12,0.833,1,5,6,10,2,2,4,2,32,9,0,2003-12-20,27,27,2003-12-20
2003-04,22003,2544,0020300389,"Dec 23, 2003",CLE vs. NOH,W,39,7,22,0.318,1,6,0.167,7,8,0.875,2,4,6,2,6,1,5,1,22,9,0,2003-12-23,28,28,2003-12-23
2003-04,22003,2544,0020300401,"Dec 25, 2003",CLE @ ORL,L,47,13,28,0.464,4,10,0.4,4,5,0.8,1,1,2,6,2,1,8,0,34,-9,0,2003-12-25,29,29,2003-12-25
2003-04,22003,2544,0020300405,"Dec 26, 2003",CLE vs. CHI,L,34,7,24,0.292,1,4,0.25,3,4,0.75,1,2,3,4,1,2,5,0,18,-12,0,2003-12-26,30,30,2003-12-26
2003-04,22003,2544,0020300424,"Dec 28, 2003",CLE vs. POR,W,39,15,23,0.652,0,2,0.0,2,2,1.0,3,7,10,9,3,0,5,1,32,11,0,2003-12-28,31,31,2003-12-28
2003-04,22003,2544,0020300440,"Dec 30, 2003",CLE vs. IND,L,38,9,20,0.45,0,4,0.0,4,6,0.667,2,8,10,4,0,0,4,2,22,-2,0,2003-12-30,32,32,2003-12-30
2003-04,22003,2544,0020300455,"Jan 02, 2004",CLE @ NJN,L,37,6,19,0.316,0,4,0.0,2,4,0.5,1,3,4,9,1,0,3,2,14,-14,0,2004-01-02,33,33,2004-01-02
2003-04,22003,2544,0020300485,"Jan 06, 2004",CLE vs. NYK,W,41,6,17,0.353,0,2,0.0,2,2,1.0,0,4,4,10,1,1,4,1,14,10,0,2004-01-06,34,34,2004-01-06
2003-04,22003,2544,0020300494,"Jan 07, 2004",CLE @ TOR,L,38,10,23,0.435,0,3,0.0,1,2,0.5,0,2,2,5,0,0,2,3,21,-2,0,2004-01-07,35,35,2004-01-07
2003-04,22003,2544,0020300508,"Jan 09, 2004",CLE @ BOS,L,43,7,19,0.368,0,3,0.0,5,7,0.714,0,3,3,6,3,0,5,1,19,-30,0,2004-01-09,36,36,2004-01-09
2003-04,22003,2544,0020300531,"Jan 12, 2004",CLE @ LAL,L,37,6,20,0.3,0,3,0.0,4,5,0.8,1,4,5,7,1,1,6,3,16,3,0,2004-01-12,37,37,2004-01-12
2003-04,22003,2544,0020300541,"Jan 13, 2004",CLE @ SEA,W,44,11,26,0.423,0,1,0.0,5,6,0.833,4,5,9,9,2,0,4,2,27,11,0,2004-01-13,38,38,2004-01-13
2003-04,22003,2544,0020300556,"Jan 15, 2004",CLE @ GSW,L,43,8,21,0.381,2,5,0.4,11,13,0.846,2,4,6,6,3,0,2,0,29,-14,0,2004-01-15,39,39,2004-01-15
2003-04,22003,2544,0020300573,"Jan 17, 2004",CLE @ UTA,W,45,12,28,0.429,2,4,0.5,3,5,0.6,1,6,7,2,2,1,4,2,29,8,0,2004-01-17,40,40,2004-01-17
2003-04,22003,2544,0020300635,"Jan 26, 2004",CLE vs. ORL,W,30,7,19,0.368,1,2,0.5,1,2,0.5,0,5,5,3,0,2,3,4,16,-10,0,2004-01-26,41,44,2004-01-26
2003-04,22003,2544,0020300647,"Jan 28, 2004",CLE vs. MIA,W,44,10,25,0.4,0,1,0.0,7,10,0.7,0,5,5,4,2,1,1,1,27,2,0,2004-01-28,42,45,2004-01-28
2003-04,22003,2544,0020300666,"Jan 30, 2004",CLE @ MIL,L,37,7,25,0.28,1,6,0.167,5,8,0.625,2,6,8,3,1,0,5,5,20,3,0,2004-01-30,43,46,2004-01-30
2003-04,22003,2544,0020300680,"Feb 01, 2004",CLE @ WAS,W,43,14,27,0.519,1,2,0.5,9,11,0.818,3,3,6,4,0,2,6,4,38,0,0,2004-02-01,44,47,2004-02-01
2003-04,22003,2544,0020300694,"Feb 03, 2004",CLE @ DET,W,38,5,19,0.263,0,1,0.0,2,2,1.0,1,3,4,6,2,0,1,2,12,-1,0,2004-02-03,45,48,2004-02-03
2003-04,22003,2544,0020300703,"Feb 04, 2004",CLE vs. LAL,L,43,12,26,0.462,4,4,1.0,4,5,0.8,0,4,4,4,0,0,0,0,32,-2,0,2004-02-04,46,49,2004-02-04
2003-04,22003,2544,0020300715,"Feb 06, 2004",CLE @ MIN,L,44,6,18,0.333,1,3,0.333,1,4,0.25,1,8,9,5,0,0,3,2,14,-16,0,2004-02-06,47,50,2004-02-06
2003-04,22003,2544,0020300725,"Feb 07, 2004",CLE vs. WAS,L,34,6,16,0.375,0,0,0.0,2,2,1.0,0,0,0,6,4,1,3,2,14,-24,0,2004-02-07,48,51,2004-02-07
2003-04,22003,2544,0020300737,"Feb 09, 2004",CLE vs. BOS,W,43,9,25,0.36,1,6,0.167,5,6,0.833,0,6,6,3,2,1,1,3,24,19,0,2004-02-09,49,52,2004-02-09
2003-04,22003,2544,0020300752,"Feb 11, 2004",CLE vs. NJN,L,29,2,13,0.154,0,1,0.0,5,5,1.0,1,1,2,5,1,0,5,0,9,-12,0,2004-02-11,50,53,2004-02-11
2003-04,22003,2544,0020300775,"Feb 18, 2004",CLE vs. DAL,L,34,6,12,0.5,0,0,0.0,4,4,1.0,2,2,4,9,0,1,5,2,16,-15,0,2004-02-18,51,54,2004-02-18
2003-04,22003,2544,0020300789,"Feb 20, 2004",CLE vs. SAS,W,39,14,23,0.609,0,0,0.0,4,4,1.0,2,9,11,2,2,1,2,0,32,3,0,2004-02-20,52,55,2004-02-20
2003-04,22003,2544,0020300802,"Feb 22, 2004",CLE @ NYK,W,44,7,20,0.35,0,0,0.0,8,12,0.667,1,4,5,3,1,0,1,2,22,11,0,2004-02-22,53,56,2004-02-22
2003-04,22003,2544,0020300812,"Feb 23, 2004",CLE vs. NOH,W,36,7,16,0.438,1,5,0.2,6,6,1.0,0,4,4,6,2,5,1,3,21,4,0,2004-02-23,54,57,2004-02-23
2003-04,22003,2544,0020300830,"Feb 25, 2004",CLE @ HOU,L,39,5,18,0.278,0,2,0.0,1,3,0.333,2,5,7,5,2,1,2,1,11,-5,0,2004-02-25,55,58,2004-02-25
2003-04,22003,2544,0020300838,"Feb 27, 2004",CLE @ ORL,W,49,11,19,0.579,1,1,1.0,7,8,0.875,1,10,11,3,3,1,5,1,30,7,0,2004-02-27,56,59,2004-02-27
2003-04,22003,2544,0020300865,"Mar 01, 2004",CLE @ CHI,L,41,7,17,0.412,0,2,0.0,4,6,0.667,0,3,3,3,4,1,3,2,18,-4,0,2004-03-01,57,60,2004-03-01
2003-04,22003,2544,0020300876,"Mar 03, 2004",CLE vs. ATL,W,28,9,17,0.529,1,2,0.5,5,6,0.833,1,6,7,3,1,1,1,0,24,22,0,2004-03-03,58,61,2004-03-03
2003-04,22003,2544,0020300890,"Mar 05, 2004",CLE @ NOH,W,37,7,17,0.412,2,2,1.0,3,4,0.75,2,4,6,4,2,0,4,5,19,1,0,2004-03-05,59,62,2004-03-05
2003-04,22003,2544,0020300899,"Mar 06, 2004",CLE vs. MIL,W,43,11,24,0.458,0,3,0.0,2,3,0.667,2,5,7,10,4,1,2,3,24,9,0,2004-03-06,60,63,2004-03-06
2003-04,22003,2544,0020300914,"Mar 08, 2004",CLE @ ATL,W,45,11,23,0.478,1,4,0.25,11,13,0.846,2,4,6,7,1,0,2,1,34,11,0,2004-03-08,61,64,2004-03-08
2003-04,22003,2544,0020300928,"Mar 10, 2004",CLE @ TOR,W,34,4,13,0.308,0,0,0.0,6,7,0.857,1,2,3,4,1,0,2,2,14,16,0,2004-03-10,62,65,2004-03-10
2003-04,22003,2544,0020300957,"Mar 14, 2004",CLE vs. IND,W,44,12,22,0.545,0,2,0.0,2,4,0.5,0,3,3,4,3,1,4,3,26,5,0,2004-03-14,63,66,2004-03-14
2003-04,22003,2544,0020300967,"Mar 16, 2004",CLE vs. CHI,W,32,5,16,0.313,2,3,0.667,5,8,0.625,3,2,5,8,0,5,4,1,17,24,0,2004-03-16,64,67,2004-03-16
2003-04,22003,2544,0020300989,"Mar 19, 2004",CLE vs. UTA,L,33,4,14,0.286,0,2,0.0,6,10,0.6,0,0,0,7,2,1,2,3,14,-2,0,2004-03-19,65,68,2004-03-19
2003-04,22003,2544,0020301008,"Mar 21, 2004",CLE vs. DET,L,36,5,17,0.294,1,4,0.25,4,5,0.8,2,5,7,3,0,2,4,4,15,-21,0,2004-03-21,66,69,2004-03-21
2003-04,22003,2544,0020301018,"Mar 23, 2004",CLE vs. PHX,L,42,8,21,0.381,2,5,0.4,7,9,0.778,1,1,2,6,3,1,5,0,25,-12,0,2004-03-23,67,70,2004-03-23
2003-04,22003,2544,0020301038,"Mar 26, 2004",CLE @ PHI,L,33,5,13,0.385,1,2,0.5,5,9,0.556,2,1,3,7,0,1,5,1,16,-24,0,2004-03-26,68,71,2004-03-26
2003-04,22003,2544,0020301050,"Mar 27, 2004",CLE vs. NJN,W,43,15,29,0.517,1,2,0.5,10,10,1.0,2,4,6,13,3,0,2,1,41,10,0,2004-03-27,69,72,2004-03-27
2003-04,22003,2544,0020301069,"Mar 29, 2004",CLE @ SAS,L,32,9,20,0.45,0,1,0.0,0,0,0.0,0,2,2,4,0,1,2,0,18,-14,0,2004-03-29,70,73,2004-03-29
2003-04,22003,2544,0020301073,"Mar 30, 2004",CLE @ DAL,L,42,13,22,0.591,0,2,0.0,2,4,0.5,1,4,5,6,4,0,3,2,28,-10,0,2004-03-30,71,74,2004-03-30
2003-04,22003,2544,0020301097,"Apr 02, 2004",CLE @ MIL,L,36,9,19,0.474,0,0,0.0,2,2,1.0,0,7,7,7,5,0,5,3,20,-13,0,2004-04-02,72,75,2004-04-02
2003-04,22003,2544,0020301102,"Apr 03, 2004",CLE vs. GSW,L,46,12,28,0.429,3,5,0.6,7,11,0.636,3,5,8,10,1,1,3,1,34,-3,0,2004-04-03,73,76,2004-04-03
2003-04,22003,2544,0020301115,"Apr 06, 2004",CLE vs. TOR,L,46,5,17,0.294,0,0,0.0,11,14,0.786,1,5,6,4,3,0,3,2,21,2,0,2004-04-06,74,77,2004-04-06
2003-04,22003,2544,0020301128,"Apr 07, 2004",CLE @ MEM,L,36,4,11,0.364,0,0,0.0,6,7,0.857,0,3,3,5,3,0,2,4,14,-11,0,2004-04-07,75,78,2004-04-07
2003-04,22003,2544,0020301137,"Apr 09, 2004",CLE @ MIA,L,42,6,14,0.429,1,1,1.0,11,15,0.733,1,6,7,8,1,0,8,2,24,-16,0,2004-04-09,76,79,2004-04-09
2003-04,22003,2544,0020301151,"Apr 10, 2004",CLE vs. MIA,W,32,4,11,0.364,0,2,0.0,2,5,0.4,1,2,3,11,0,0,2,3,10,14,0,2004-04-10,77,80,2004-04-10
2003-04,22003,2544,0020301162,"Apr 12, 2004",CLE vs. MIL,W,45,9,20,0.45,1,4,0.25,8,11,0.727,1,6,7,9,2,0,1,1,27,11,0,2004-04-12,78,81,2004-04-12
2003-04,22003,2544,0020301179,"Apr 14, 2004",CLE @ NYK,W,35,8,17,0.471,0,3,0.0,1,1,1.0,0,1,1,5,3,0,5,1,17,-6,0,2004-04-14,79,82,2004-04-14
2004-05,22004,2544,0020400006,"Nov 03, 2004",CLE vs. IND,L,50,8,19,0.421,2,5,0.4,10,12,0.833,1,4,5,8,1,3,6,2,28,-10,0,2004-11-03,1,1,2004-11-03
2004-05,22004,2544,0020400018,"Nov 04, 2004",CLE @ MIA,L,43,9,22,0.409,2,3,0.667,1,1,1.0,3,3,6,8,1,0,1,0,21,-8,0,2004-11-04,2,2,2004-11-04
2004-05,22004,2544,0020400037,"Nov 06, 2004",CLE @ MIL,L,42,8,20,0.4,0,3,0.0,15,22,0.682,2,6,8,6,3,0,4,0,31,-12,0,2004-11-06,3,3,2004-11-06
2004-05,22004,2544,0020400051,"Nov 09, 2004",CLE @ ATL,W,48,8,17,0.471,1,4,0.25,8,12,0.667,1,9,10,4,4,2,3,2,25,14,0,2004-11-09,4,4,2004-11-09
2004-05,22004,2544,0020400063,"Nov 10, 2004",CLE vs. PHX,W,48,13,24,0.542,1,2,0.5,11,12,0.917,3,7,10,6,3,3,3,1,38,14,0,2004-11-10,5,5,2004-11-10
2004-05,22004,2544,0020400081,"Nov 13, 2004",CLE vs. WAS,W,38,10,20,0.5,0,3,0.0,4,5,0.8,1,8,9,4,3,2,4,0,24,25,0,2004-11-13,6,6,2004-11-13
2004-05,22004,2544,0020400096,"Nov 15, 2004",CLE vs. GOS,W,42,12,22,0.545,3,5,0.6,6,8,0.75,2,10,12,4,2,1,1,1,33,15,0,2004-11-15,7,7,2004-11-15
2004-05,22004,2544,0020400118,"Nov 18, 2004",CLE @ CHA,W,30,8,14,0.571,2,3,0.667,1,2,0.5,1,5,6,9,0,0,1,3,19,21,0,2004-11-18,8,8,2004-11-18
2004-05,22004,2544,0020400131,"Nov 20, 2004",CLE vs. CHA,W,38,11,20,0.55,0,2,0.0,3,4,0.75,5,3,8,2,3,1,7,0,25,24,0,2004-11-20,9,9,2004-11-20
2004-05,22004,2544,0020400141,"Nov 21, 2004",CLE @ NYK,L,40,5,15,0.333,1,3,0.333,2,3,0.667,2,7,9,10,1,1,5,3,13,1,0,2004-11-21,10,10,2004-11-21
2004-05,22004,2544,0020400163,"Nov 24, 2004",CLE vs. DET,W,38,15,22,0.682,2,3,0.667,11,12,0.917,3,3,6,5,3,1,3,3,43,12,0,2004-11-24,11,11,2004-11-24
2004-05,22004,2544,0020400172,"Nov 26, 2004",CLE @ BOS,W,43,9,13,0.692,0,2,0.0,2,3,0.667,0,6,6,8,3,1,2,2,20,6,0,2004-11-26,12,12,2004-11-26
2004-05,22004,2544,0020400187,"Nov 27, 2004",CLE vs. CHI,W,32,11,17,0.647,1,2,0.5,3,4,0.75,1,6,7,7,1,0,2,0,26,25,0,2004-11-27,13,13,2004-11-27
2004-05,22004,2544,0020400201,"Nov 29, 2004",CLE @ LAC,L,42,9,19,0.474,0,2,0.0,4,5,0.8,1,6,7,5,6,1,3,2,22,-16,0,2004-11-29,14,14,2004-11-29
2004-05,22004,2544,0020400218,"Dec 01, 2004",CLE @ PHO,L,40,6,19,0.316,0,2,0.0,3,4,0.75,1,2,3,6,2,1,6,2,15,-17,0,2004-12-01,15,15,2004-12-01
2004-05,22004,2544,0020400223,"Dec 02, 2004",CLE @ DEN,W,41,8,17,0.471,0,0,0.0,1,2,0.5,1,7,8,9,2,1,5,3,17,23,0,2004-12-02,16,16,2004-12-02
2004-05,22004,2544,0020400236,"Dec 04, 2004",CLE vs. TOR,W,43,10,17,0.588,1,3,0.333,6,7,0.857,0,6,6,10,2,1,3,2,27,15,0,2004-12-04,17,17,2004-12-04
2004-05,22004,2544,0020400256,"Dec 07, 2004",CLE vs. NJN,W,46,11,22,0.5,0,1,0.0,5,6,0.833,0,2,2,8,3,0,3,4,27,6,0,2004-12-07,18,18,2004-12-07
2004-05,22004,2544,0020400269,"Dec 08, 2004",CLE @ CHI,L,38,5,15,0.333,0,2,0.0,9,12,0.75,0,2,2,6,1,1,4,2,19,-22,0,2004-12-08,19,19,2004-12-08
2004-05,22004,2544,0020400292,"Dec 11, 2004",CLE @ SAS,L,42,10,19,0.526,1,3,0.333,2,2,1.0,3,3,6,10,4,0,3,2,23,-18,0,2004-12-11,20,20,2004-12-11
2004-05,22004,2544,0020400303,"Dec 13, 2004",CLE @ MEM,W,46,14,22,0.636,1,3,0.333,2,4,0.5,0,5,5,8,7,0,3,2,31,10,0,2004-12-13,21,21,2004-12-13
2004-05,22004,2544,0020400319,"Dec 15, 2004",CLE vs. POR,W,37,10,18,0.556,2,3,0.667,3,3,1.0,2,9,11,7,3,2,3,1,25,18,0,2004-12-15,22,22,2004-12-15
2004-05,22004,2544,0020400326,"Dec 16, 2004",CLE @ DET,L,45,4,21,0.19,0,2,0.0,3,5,0.6,1,8,9,7,4,1,3,2,11,-8,0,2004-12-16,23,23,2004-12-16
2004-05,22004,2544,0020400343,"Dec 18, 2004",CLE vs. BOS,L,40,12,25,0.48,3,5,0.6,4,8,0.5,1,4,5,4,3,1,4,6,31,-1,0,2004-12-18,24,24,2004-12-18
2004-05,22004,2544,0020400361,"Dec 21, 2004",CLE vs. MIN,W,43,10,18,0.556,0,1,0.0,6,8,0.75,0,6,6,12,1,0,2,2,26,13,0,2004-12-21,25,25,2004-12-21
2004-05,22004,2544,0020400370,"Dec 22, 2004",CLE @ NJN,L,42,7,18,0.389,1,1,1.0,8,10,0.8,1,8,9,9,1,0,4,2,23,-3,0,2004-12-22,26,26,2004-12-22
2004-05,22004,2544,0020400384,"Dec 26, 2004",CLE vs. NOK,W,45,7,16,0.438,0,1,0.0,8,9,0.889,1,8,9,14,4,1,5,2,22,8,0,2004-12-26,27,27,2004-12-26
2004-05,22004,2544,0020400401,"Dec 28, 2004",CLE @ ATL,W,46,13,25,0.52,3,5,0.6,11,14,0.786,1,8,9,7,1,0,1,2,40,8,0,2004-12-28,28,28,2004-12-28
2004-05,22004,2544,0020400411,"Dec 29, 2004",CLE vs. HOU,L,17,0,5,0.0,0,1,0.0,3,5,0.6,0,3,3,5,0,0,0,0,3,-10,0,2004-12-29,29,29,2004-12-29
2004-05,22004,2544,0020400442,"Jan 03, 2005",CLE @ CHA,W,41,11,19,0.579,0,3,0.0,4,6,0.667,2,6,8,6,2,0,1,3,26,14,0,2005-01-03,30,30,2005-01-03
2004-05,22004,2544,0020400457,"Jan 05, 2005",CLE vs. ATL,W,40,7,14,0.5,2,5,0.4,4,6,0.667,1,5,6,9,1,1,2,4,20,10,0,2005-01-05,31,31,2005-01-05
2004-05,22004,2544,0020400478,"Jan 08, 2005",CLE vs. NYK,W,32,10,14,0.714,0,0,0.0,2,2,1.0,1,2,3,4,0,2,8,2,22,5,0,2005-01-08,32,32,2005-01-08
2004-05,22004,2544,0020400497,"Jan 11, 2005",CLE vs. CHA,W,49,11,24,0.458,2,5,0.4,5,7,0.714,1,7,8,9,2,1,8,1,29,7,0,2005-01-11,33,33,2005-01-11
2004-05,22004,2544,0020400518,"Jan 13, 2005",CLE @ LAL,L,44,12,26,0.462,1,4,0.25,3,4,0.75,3,10,13,9,1,1,4,1,28,-1,0,2005-01-13,34,34,2005-01-13
2004-05,22004,2544,0020400539,"Jan 15, 2005",CLE @ UTA,W,41,9,20,0.45,0,1,0.0,9,14,0.643,1,7,8,5,5,0,3,2,27,11,0,2005-01-15,35,35,2005-01-15
2004-05,22004,2544,0020400543,"Jan 16, 2005",CLE @ SEA,L,44,14,30,0.467,3,7,0.429,4,6,0.667,2,3,5,11,4,1,1,4,35,-7,0,2005-01-16,36,36,2005-01-16
2004-05,22004,2544,0020400568,"Jan 19, 2005",CLE @ POR,W,44,11,16,0.688,1,1,1.0,4,6,0.667,1,10,11,10,4,0,2,4,27,0,0,2005-01-19,37,37,2005-01-19
2004-05,22004,2544,0020400572,"Jan 20, 2005",CLE @ SAC,L,37,9,19,0.474,0,1,0.0,0,1,0.0,1,7,8,6,1,0,3,0,18,-24,0,2005-01-20,38,38,2005-01-20
2004-05,22004,2544,0020400591,"Jan 22, 2005",CLE @ GSW,W,43,13,24,0.542,0,1,0.0,2,2,1.0,1,11,12,10,1,1,3,1,28,19,0,2005-01-22,39,39,2005-01-22
2004-05,22004,2544,0020400599,"Jan 24, 2005",CLE vs. WAS,L,48,12,26,0.462,1,1,1.0,6,10,0.6,4,6,10,8,2,1,5,3,31,-9,0,2005-01-24,40,40,2005-01-24
2004-05,22004,2544,0020400615,"Jan 26, 2005",CLE vs. MEM,W,42,10,16,0.625,4,6,0.667,3,4,0.75,1,8,9,15,3,2,5,1,27,7,0,2005-01-26,41,41,2005-01-26
2004-05,22004,2544,0020400660,"Feb 01, 2005",CLE @ ORL,L,43,10,20,0.5,0,3,0.0,8,13,0.615,2,3,5,7,0,1,3,2,28,-3,0,2005-02-01,42,44,2005-02-01
2004-05,22004,2544,0020400677,"Feb 03, 2005",CLE @ MIA,L,46,11,23,0.478,1,3,0.333,8,12,0.667,2,0,2,10,3,0,2,2,31,-8,0,2005-02-03,43,45,2005-02-03
2004-05,22004,2544,0020400693,"Feb 05, 2005",CLE vs. ORL,W,45,9,21,0.429,0,3,0.0,12,13,0.923,0,6,6,9,2,0,1,2,30,10,0,2005-02-05,44,46,2005-02-05
2004-05,22004,2544,0020400710,"Feb 08, 2005",CLE vs. TOR,W,36,6,14,0.429,0,3,0.0,3,4,0.75,1,7,8,11,3,0,2,1,15,15,0,2005-02-08,45,47,2005-02-08
2004-05,22004,2544,0020400736,"Feb 11, 2005",CLE vs. DEN,L,43,12,29,0.414,1,6,0.167,10,12,0.833,2,4,6,6,1,0,4,2,35,-13,0,2005-02-11,46,48,2005-02-11
2004-05,22004,2544,0020400746,"Feb 13, 2005",CLE vs. LAL,W,46,8,20,0.4,0,0,0.0,9,10,0.9,2,6,8,9,3,1,3,3,25,9,0,2005-02-13,47,49,2005-02-13
2004-05,22004,2544,0020400773,"Feb 16, 2005",CLE vs. ATL,W,37,11,20,0.55,2,2,1.0,4,5,0.8,0,5,5,6,3,0,3,0,28,27,0,2005-02-16,48,50,2005-02-16
2004-05,22004,2544,0020400780,"Feb 17, 2005",CLE @ MIN,L,41,10,19,0.526,1,2,0.5,5,6,0.833,2,5,7,8,1,0,2,0,26,-1,0,2005-02-17,49,51,2005-02-17
2004-05,22004,2544,0020400791,"Feb 23, 2005",CLE vs. CHI,W,44,8,17,0.471,1,1,1.0,10,15,0.667,1,5,6,11,5,0,3,2,27,7,0,2005-02-23,50,52,2005-02-23
2004-05,22004,2544,0020400805,"Feb 25, 2005",CLE @ IND,L,41,9,25,0.36,0,1,0.0,3,4,0.75,3,4,7,5,2,1,2,0,21,-11,0,2005-02-25,51,53,2005-02-25
2004-05,22004,2544,0020400820,"Feb 27, 2005",CLE @ NJN,L,45,9,20,0.45,1,2,0.5,9,10,0.9,1,3,4,7,2,0,5,4,28,-10,0,2005-02-27,52,54,2005-02-27
2004-05,22004,2544,0020400830,"Feb 28, 2005",CLE vs. SAS,L,45,6,22,0.273,1,4,0.25,7,10,0.7,1,7,8,7,0,0,2,3,20,2,0,2005-02-28,53,55,2005-02-28
2004-05,22004,2544,0020400844,"Mar 02, 2005",CLE vs. SEA,L,41,11,20,0.55,5,7,0.714,5,8,0.625,0,5,5,5,0,0,4,2,32,-7,0,2005-03-02,54,56,2005-03-02
2004-05,22004,2544,0020400854,"Mar 04, 2005",CLE @ PHI,L,40,12,21,0.571,0,1,0.0,10,12,0.833,1,6,7,7,4,0,6,1,34,-10,0,2005-03-04,55,57,2005-03-04
2004-05,22004,2544,0020400878,"Mar 06, 2005",CLE vs. MIA,L,41,9,19,0.474,0,1,0.0,5,7,0.714,0,4,4,5,2,0,1,1,23,-17,0,2005-03-06,56,58,2005-03-06
2004-05,22004,2544,0020400887,"Mar 08, 2005",CLE vs. ORL,W,40,9,22,0.409,2,6,0.333,3,4,0.75,0,7,7,8,1,1,1,3,23,18,0,2005-03-08,57,59,2005-03-08
2004-05,22004,2544,0020400928,"Mar 13, 2005",CLE vs. IND,W,44,12,23,0.522,1,5,0.2,10,11,0.909,2,3,5,5,1,0,4,1,35,12,0,2005-03-13,58,60,2005-03-13
2004-05,22004,2544,0020400938,"Mar 15, 2005",CLE vs. UTA,W,35,11,15,0.733,2,5,0.4,12,16,0.75,2,7,9,2,0,1,1,1,36,22,0,2005-03-15,59,61,2005-03-15
2004-05,22004,2544,0020400948,"Mar 16, 2005",CLE @ MIL,L,45,13,26,0.5,4,9,0.444,4,7,0.571,1,6,7,6,1,0,5,0,34,-14,0,2005-03-16,60,62,2005-03-16
2004-05,22004,2544,0020400959,"Mar 18, 2005",CLE vs. PHI,L,46,3,20,0.15,0,4,0.0,10,12,0.833,0,8,8,8,4,0,4,0,16,-8,0,2005-03-18,61,63,2005-03-18
2004-05,22004,2544,0020400977,"Mar 20, 2005",CLE @ TOR,L,48,18,36,0.5,6,12,0.5,14,15,0.933,2,8,10,5,2,0,4,0,56,-7,0,2005-03-20,62,64,2005-03-20
2004-05,22004,2544,0020400990,"Mar 22, 2005",CLE vs. DET,W,43,11,24,0.458,2,7,0.286,5,8,0.625,1,5,6,6,1,0,0,1,29,21,0,2005-03-22,63,65,2005-03-22
2004-05,22004,2544,0020401008,"Mar 24, 2005",CLE @ HOU,L,42,7,22,0.318,1,4,0.25,4,7,0.571,0,4,4,8,1,0,2,1,19,-17,0,2005-03-24,64,66,2005-03-24
2004-05,22004,2544,0020401029,"Mar 26, 2005",CLE @ DAL,L,36,7,17,0.412,0,2,0.0,5,6,0.833,1,3,4,6,0,0,3,1,19,-24,0,2005-03-26,65,67,2005-03-26
2004-05,22004,2544,0020401041,"Mar 28, 2005",CLE @ NOK,W,53,16,29,0.552,3,10,0.3,9,11,0.818,2,4,6,3,4,0,10,3,44,1,0,2005-03-28,66,68,2005-03-28
2004-05,22004,2544,0020401048,"Mar 29, 2005",CLE vs. LAC,W,41,7,20,0.35,2,8,0.25,6,7,0.857,0,7,7,5,2,1,1,0,22,11,0,2005-03-29,67,69,2005-03-29
2004-05,22004,2544,0020401064,"Mar 31, 2005",CLE @ CHI,L,53,10,28,0.357,1,4,0.25,5,11,0.455,4,2,6,7,4,2,3,5,26,-12,0,2005-03-31,68,70,2005-03-31
2004-05,22004,2544,0020401072,"Apr 01, 2005",CLE vs. SAC,L,44,13,21,0.619,2,4,0.5,7,10,0.7,0,8,8,9,2,0,7,2,35,-15,0,2005-04-01,69,71,2005-04-01
2004-05,22004,2544,0020401085,"Apr 03, 2005",CLE vs. DAL,W,48,10,23,0.435,4,8,0.5,13,13,1.0,2,8,10,7,2,1,6,3,37,20,0,2005-04-03,70,72,2005-04-03
2004-05,22004,2544,0020401096,"Apr 05, 2005",CLE vs. NJN,L,40,9,19,0.474,3,6,0.5,3,6,0.5,2,7,9,4,2,2,6,2,24,-21,0,2005-04-05,71,73,2005-04-05
2004-05,22004,2544,0020401110,"Apr 06, 2005",CLE @ IND,L,33,9,18,0.5,0,3,0.0,2,4,0.5,2,2,4,3,1,0,2,2,20,-15,0,2005-04-06,72,74,2005-04-06
2004-05,22004,2544,0020401120,"Apr 08, 2005",CLE @ PHI,L,48,12,30,0.4,2,6,0.333,11,11,1.0,4,9,13,7,5,0,5,1,37,-5,0,2005-04-08,73,75,2005-04-08
2004-05,22004,2544,0020401134,"Apr 09, 2005",CLE vs. MIL,W,47,15,26,0.577,7,13,0.538,3,3,1.0,1,9,10,10,2,1,3,2,40,13,0,2005-04-09,74,76,2005-04-09
2004-05,22004,2544,0020401148,"Apr 11, 2005",CLE @ ORL,W,48,12,23,0.522,1,6,0.167,8,10,0.8,1,6,7,6,5,1,2,4,33,8,0,2005-04-11,75,77,2005-04-11
2004-05,22004,2544,0020401171,"Apr 14, 2005",CLE vs. NYK,L,42,7,25,0.28,4,13,0.308,9,14,0.643,1,17,18,7,2,2,4,3,27,1,0,2005-04-14,76,78,2005-04-14
2004-05,22004,2544,0020401174,"Apr 15, 2005",CLE @ WAS,L,48,16,33,0.485,1,6,0.167,5,8,0.625,2,4,6,6,1,0,1,3,38,-8,0,2005-04-15,77,79,2005-04-15
2004-05,22004,2544,0020401194,"Apr 17, 2005",CLE @ DET,L,45,12,35,0.343,2,7,0.286,11,14,0.786,3,8,11,6,0,1,1,0,37,-6,0,2005-04-17,78,80,2005-04-17
2004-05,22004,2544,0020401209,"Apr 19, 2005",CLE vs. BOS,W,47,13,27,0.481,2,3,0.667,4,5,0.8,1,7,8,6,5,0,3,3,32,13,0,2005-04-19,79,81,2005-04-19
2004-05,22004,2544,0020401218,"Apr 20, 2005",CLE @ TOR,W,48,10,23,0.435,2,8,0.25,5,10,0.5,2,12,14,14,0,1,2,1,27,9,0,2005-04-20,80,82,2005-04-20
2005-06,22005,2544,0020500006,"Nov 02, 2005",CLE vs. NOK,W,33,9,16,0.563,6,7,0.857,7,8,0.875,1,2,3,4,2,0,3,3,31,22,0,2005-11-02,1,1,2005-11-02
2005-06,22005,2544,0020500026,"Nov 04, 2005",CLE @ SAS,L,37,7,16,0.438,0,3,0.0,6,7,0.857,0,6,6,4,0,1,3,3,20,-19,0,2005-11-04,2,2,2005-11-04
2005-06,22005,2544,0020500036,"Nov 05, 2005",CLE @ MEM,L,41,14,29,0.483,4,9,0.444,4,5,0.8,0,2,2,6,2,0,2,2,36,-3,0,2005-11-05,3,3,2005-11-05
2005-06,22005,2544,0020500046,"Nov 07, 2005",CLE @ TOR,W,36,9,17,0.529,0,2,0.0,9,12,0.75,0,3,3,6,1,2,1,3,27,0,0,2005-11-07,4,4,2005-11-07
2005-06,22005,2544,0020500058,"Nov 09, 2005",CLE vs. SEA,W,35,10,18,0.556,0,2,0.0,11,11,1.0,1,4,5,1,0,1,4,1,31,25,0,2005-11-09,5,5,2005-11-09
2005-06,22005,2544,0020500076,"Nov 11, 2005",CLE vs. MEM,W,26,5,11,0.455,0,1,0.0,6,6,1.0,1,5,6,2,3,1,3,5,16,24,0,2005-11-11,6,6,2005-11-11
2005-06,22005,2544,0020500092,"Nov 13, 2005",CLE @ ORL,W,49,9,20,0.45,1,4,0.25,7,11,0.636,0,5,5,3,0,1,2,2,26,7,0,2005-11-13,7,7,2005-11-13
2005-06,22005,2544,0020500100,"Nov 15, 2005",CLE vs. WAS,W,42,15,23,0.652,2,3,0.667,5,5,1.0,1,9,10,4,0,2,3,1,37,17,0,2005-11-15,8,8,2005-11-15
2005-06,22005,2544,0020500120,"Nov 18, 2005",CLE vs. ORL,W,34,6,17,0.353,0,3,0.0,4,6,0.667,1,5,6,4,2,0,4,2,16,25,0,2005-11-18,9,9,2005-11-18
2005-06,22005,2544,0020500132,"Nov 19, 2005",CLE @ PHI,W,47,14,24,0.583,0,2,0.0,8,10,0.8,2,9,11,10,1,1,5,1,36,8,0,2005-11-19,10,10,2005-11-19
2005-06,22005,2544,0020500151,"Nov 22, 2005",CLE vs. BOS,W,41,13,20,0.65,1,3,0.333,9,11,0.818,0,5,5,4,2,2,1,4,36,14,0,2005-11-22,11,11,2005-11-22
2005-06,22005,2544,0020500167,"Nov 24, 2005",CLE @ IND,L,43,6,20,0.3,0,4,0.0,7,11,0.636,1,9,10,4,5,1,6,4,19,-18,0,2005-11-24,12,12,2005-11-24
2005-06,22005,2544,0020500185,"Nov 26, 2005",CLE vs. MIN,L,44,13,29,0.448,6,11,0.545,6,6,1.0,2,3,5,2,4,0,2,2,38,-3,0,2005-11-26,13,13,2005-11-26
2005-06,22005,2544,0020500209,"Nov 30, 2005",CLE vs. LAC,W,50,7,20,0.35,0,3,0.0,14,17,0.824,0,7,7,9,1,1,6,1,28,6,0,2005-11-30,14,14,2005-11-30
2005-06,22005,2544,0020500230,"Dec 02, 2005",CLE @ SEA,L,45,14,27,0.519,0,5,0.0,6,8,0.75,0,3,3,8,1,3,1,1,34,-2,0,2005-12-02,15,15,2005-12-02
2005-06,22005,2544,0020500238,"Dec 03, 2005",CLE @ LAC,L,44,8,25,0.32,3,5,0.6,11,14,0.786,0,5,5,6,1,1,1,3,30,-11,0,2005-12-03,16,16,2005-12-03
2005-06,22005,2544,0020500256,"Dec 06, 2005",CLE @ SAC,W,44,10,23,0.435,1,5,0.2,9,12,0.75,2,4,6,6,2,3,5,2,30,3,0,2005-12-06,17,17,2005-12-06
2005-06,22005,2544,0020500272,"Dec 09, 2005",CLE vs. NJN,L,45,11,26,0.423,0,4,0.0,10,15,0.667,2,4,6,3,0,1,7,3,32,-4,0,2005-12-09,18,18,2005-12-09
2005-06,22005,2544,0020500287,"Dec 10, 2005",CLE @ MIL,L,43,19,29,0.655,5,9,0.556,9,10,0.9,0,7,7,7,2,0,3,5,52,-3,0,2005-12-10,19,19,2005-12-10
2005-06,22005,2544,0020500301,"Dec 13, 2005",CLE vs. ATL,L,45,13,23,0.565,3,6,0.5,10,16,0.625,0,10,10,6,2,0,6,5,39,-4,0,2005-12-13,20,20,2005-12-13
2005-06,22005,2544,0020500319,"Dec 15, 2005",CLE vs. DEN,W,45,11,18,0.611,1,4,0.25,3,6,0.5,0,4,4,9,1,0,3,3,26,16,0,2005-12-15,21,21,2005-12-15
2005-06,22005,2544,0020500336,"Dec 17, 2005",CLE vs. MIA,W,46,12,19,0.632,2,4,0.5,15,16,0.938,0,5,5,10,1,0,4,3,41,9,0,2005-12-17,22,22,2005-12-17
2005-06,22005,2544,0020500352,"Dec 20, 2005",CLE vs. UTA,W,29,8,12,0.667,1,1,1.0,8,9,0.889,2,4,6,4,3,2,5,1,25,20,0,2005-12-20,23,23,2005-12-20
2005-06,22005,2544,0020500369,"Dec 22, 2005",CLE @ CHI,W,44,12,25,0.48,4,6,0.667,9,13,0.692,0,5,5,6,4,0,2,2,37,15,0,2005-12-22,24,24,2005-12-22
2005-06,22005,2544,0020500377,"Dec 23, 2005",CLE vs. IND,W,44,4,16,0.25,0,1,0.0,6,11,0.545,1,7,8,9,1,0,3,1,14,1,0,2005-12-23,25,25,2005-12-23
2005-06,22005,2544,0020500389,"Dec 26, 2005",CLE vs. CHI,W,44,12,25,0.48,0,5,0.0,8,12,0.667,1,7,8,6,2,2,2,0,32,14,0,2005-12-26,26,26,2005-12-26
2005-06,22005,2544,0020500398,"Dec 27, 2005",CLE @ NJN,L,40,12,21,0.571,1,5,0.2,6,9,0.667,1,9,10,8,2,0,4,3,31,-2,0,2005-12-27,27,27,2005-12-27
2005-06,22005,2544,0020500426,"Dec 31, 2005",CLE vs. DET,W,45,11,22,0.5,2,5,0.4,6,7,0.857,1,6,7,7,4,1,5,2,30,5,0,2005-12-31,28,28,2005-12-31
2005-06,22005,2544,0020500450,"Jan 04, 2006",CLE @ MIL,W,46,12,29,0.414,2,8,0.25,6,7,0.857,2,9,11,11,5,1,4,1,32,8,0,2006-01-04,29,29,2006-01-04
2005-06,22005,2544,0020500457,"Jan 05, 2006",CLE vs. HOU,L,44,13,19,0.684,3,7,0.429,3,6,0.5,1,8,9,5,1,0,3,4,32,-10,0,2006-01-05,30,30,2006-01-05
2005-06,22005,2544,0020500476,"Jan 07, 2006",CLE vs. MIL,W,45,14,22,0.636,3,7,0.429,4,9,0.444,2,5,7,6,0,1,0,1,35,4,0,2006-01-07,31,31,2006-01-07
2005-06,22005,2544,0020500492,"Jan 10, 2006",CLE vs. NYK,L,46,14,31,0.452,0,7,0.0,8,11,0.727,0,7,7,7,0,1,1,0,36,-2,0,2006-01-10,32,32,2006-01-10
2005-06,22005,2544,0020500512,"Jan 12, 2006",CLE @ LAL,L,40,11,22,0.5,2,3,0.667,4,9,0.444,0,2,2,9,0,0,5,2,28,5,0,2006-01-12,33,33,2006-01-12
2005-06,22005,2544,0020500530,"Jan 14, 2006",CLE @ PHX,L,44,18,28,0.643,5,8,0.625,5,5,1.0,0,7,7,8,1,0,1,1,46,-5,0,2006-01-14,34,34,2006-01-14
2005-06,22005,2544,0020500535,"Jan 15, 2006",CLE @ POR,L,41,10,26,0.385,1,5,0.2,8,11,0.727,2,11,13,7,1,3,2,3,29,12,0,2006-01-15,35,35,2006-01-15
2005-06,22005,2544,0020500559,"Jan 18, 2006",CLE @ DEN,L,41,7,20,0.35,2,6,0.333,8,15,0.533,2,9,11,9,0,0,2,5,24,-3,0,2006-01-18,36,36,2006-01-18
2005-06,22005,2544,0020500575,"Jan 20, 2006",CLE @ GSW,L,36,5,22,0.227,0,3,0.0,4,6,0.667,1,8,9,6,0,0,6,3,14,-9,0,2006-01-20,37,37,2006-01-20
2005-06,22005,2544,0020500582,"Jan 21, 2006",CLE @ UTA,W,42,19,35,0.543,4,8,0.5,9,11,0.818,0,5,5,8,2,0,3,4,51,19,0,2006-01-21,38,38,2006-01-21
2005-06,22005,2544,0020500600,"Jan 24, 2006",CLE vs. IND,W,36,7,21,0.333,2,5,0.4,7,10,0.7,0,7,7,8,2,2,1,0,23,33,0,2006-01-24,39,39,2006-01-24
2005-06,22005,2544,0020500605,"Jan 25, 2006",CLE @ ATL,W,46,11,22,0.5,1,5,0.2,15,20,0.75,1,8,9,6,3,1,5,2,38,10,0,2006-01-25,40,40,2006-01-25
2005-06,22005,2544,0020500620,"Jan 27, 2006",CLE @ IND,W,45,12,23,0.522,1,2,0.5,5,8,0.625,1,6,7,9,3,1,6,1,30,4,0,2006-01-27,41,41,2006-01-27
2005-06,22005,2544,0020500642,"Jan 29, 2006",CLE vs. PHX,W,43,17,33,0.515,3,7,0.429,7,12,0.583,1,10,11,7,1,1,6,1,44,5,0,2006-01-29,42,42,2006-01-29
2005-06,22005,2544,0020500648,"Jan 30, 2006",CLE @ CHA,W,32,11,19,0.579,2,6,0.333,6,11,0.545,1,5,6,6,5,1,4,2,30,30,0,2006-01-30,43,43,2006-01-30
2005-06,22005,2544,0020500663,"Feb 01, 2006",CLE vs. NJN,W,44,8,21,0.381,0,2,0.0,10,12,0.833,0,11,11,10,1,1,4,2,26,5,0,2006-02-01,44,44,2006-02-01
2005-06,22005,2544,0020500674,"Feb 02, 2006",CLE @ MIA,L,39,12,29,0.414,2,5,0.4,3,3,1.0,1,4,5,7,1,0,1,0,29,-15,0,2006-02-02,45,45,2006-02-02
2005-06,22005,2544,0020500687,"Feb 04, 2006",CLE vs. PHI,L,47,10,17,0.588,2,7,0.286,9,10,0.9,2,2,4,6,2,1,4,0,31,-7,0,2006-02-04,46,46,2006-02-04
2005-06,22005,2544,0020500707,"Feb 06, 2006",CLE vs. MIL,W,45,9,20,0.45,2,7,0.286,2,4,0.5,0,9,9,12,0,2,4,4,22,-3,0,2006-02-06,47,47,2006-02-06
2005-06,22005,2544,0020500719,"Feb 08, 2006",CLE @ MIN,W,46,11,34,0.324,1,5,0.2,12,17,0.706,1,10,11,8,1,0,0,3,35,10,0,2006-02-08,48,48,2006-02-08
2005-06,22005,2544,0020500725,"Feb 10, 2006",CLE @ WAS,L,45,6,23,0.261,0,3,0.0,6,8,0.75,1,8,9,8,1,0,2,2,18,-13,0,2006-02-10,49,49,2006-02-10
2005-06,22005,2544,0020500737,"Feb 11, 2006",CLE vs. GSW,L,44,10,17,0.588,5,6,0.833,8,8,1.0,1,4,5,6,1,2,2,5,33,-15,0,2006-02-11,50,50,2006-02-11
2005-06,22005,2544,0020500758,"Feb 13, 2006",CLE vs. SAS,W,41,19,33,0.576,1,3,0.333,5,8,0.625,2,1,3,5,4,0,2,0,44,12,0,2006-02-13,51,51,2006-02-13
2005-06,22005,2544,0020500767,"Feb 15, 2006",CLE @ BOS,W,54,16,32,0.5,0,5,0.0,11,15,0.733,1,11,12,11,2,4,2,5,43,5,0,2006-02-15,52,52,2006-02-15
2005-06,22005,2544,0020500780,"Feb 21, 2006",CLE vs. ORL,W,43,10,24,0.417,1,5,0.2,5,7,0.714,0,2,2,9,1,2,2,0,26,21,0,2006-02-21,53,53,2006-02-21
2005-06,22005,2544,0020500791,"Feb 22, 2006",CLE @ PHI,L,43,13,24,0.542,1,4,0.25,6,10,0.6,3,3,6,5,2,1,6,3,33,-7,0,2006-02-22,54,54,2006-02-22
2005-06,22005,2544,0020500805,"Feb 24, 2006",CLE vs. WAS,L,48,7,21,0.333,3,8,0.375,8,19,0.421,0,7,7,9,1,0,4,2,25,-8,0,2006-02-24,55,55,2006-02-24
2005-06,22005,2544,0020500822,"Feb 26, 2006",CLE @ DET,L,38,9,20,0.45,2,3,0.667,2,3,0.667,1,8,9,7,0,0,3,3,22,-17,0,2006-02-26,56,56,2006-02-26
2005-06,22005,2544,0020500829,"Feb 27, 2006",CLE vs. DET,L,46,9,22,0.409,0,3,0.0,8,10,0.8,1,3,4,6,0,1,5,0,26,-10,0,2006-02-27,57,57,2006-02-27
2005-06,22005,2544,0020500844,"Mar 01, 2006",CLE vs. SAC,L,45,7,21,0.333,1,4,0.25,4,7,0.571,1,6,7,12,1,2,5,1,19,-5,0,2006-03-01,58,58,2006-03-01
2005-06,22005,2544,0020500855,"Mar 02, 2006",CLE @ CHI,W,47,11,27,0.407,0,3,0.0,11,13,0.846,2,9,11,8,0,1,5,4,33,4,0,2006-03-02,59,59,2006-03-02
2005-06,22005,2544,0020500879,"Mar 05, 2006",CLE vs. CHI,W,47,15,28,0.536,1,3,0.333,6,6,1.0,0,9,9,7,2,0,3,3,37,23,0,2006-03-05,60,60,2006-03-05
2005-06,22005,2544,0020500891,"Mar 07, 2006",CLE vs. TOR,W,44,5,17,0.294,2,6,0.333,5,6,0.833,1,11,12,8,1,0,2,2,17,14,0,2006-03-07,61,61,2006-03-07
2005-06,22005,2544,0020500897,"Mar 08, 2006",CLE @ TOR,W,44,13,24,0.542,1,3,0.333,8,12,0.667,1,5,6,6,1,0,0,2,35,-4,0,2006-03-08,62,62,2006-03-08
2005-06,22005,2544,0020500911,"Mar 10, 2006",CLE @ ORL,L,39,9,22,0.409,2,6,0.333,5,6,0.833,2,5,7,2,2,1,5,0,25,-18,0,2006-03-10,63,63,2006-03-10
2005-06,22005,2544,0020500929,"Mar 12, 2006",CLE @ MIA,L,45,11,27,0.407,1,6,0.167,24,28,0.857,2,5,7,4,0,1,5,2,47,-7,0,2006-03-12,64,64,2006-03-12
2005-06,22005,2544,0020500946,"Mar 14, 2006",CLE @ DAL,L,45,14,27,0.519,0,2,0.0,8,8,1.0,1,11,12,5,0,2,4,1,36,-8,0,2006-03-14,65,65,2006-03-14
2005-06,22005,2544,0020500970,"Mar 17, 2006",CLE vs. POR,W,45,9,23,0.391,1,6,0.167,8,10,0.8,2,7,9,5,6,0,1,2,27,14,0,2006-03-17,66,66,2006-03-17
2005-06,22005,2544,0020500981,"Mar 19, 2006",CLE vs. LAL,W,47,10,24,0.417,3,4,0.75,6,10,0.6,1,7,8,7,1,0,7,3,29,0,0,2006-03-19,67,67,2006-03-19
2005-06,22005,2544,0020501004,"Mar 22, 2006",CLE vs. CHA,W,50,10,21,0.476,1,5,0.2,16,23,0.696,0,11,11,12,0,1,5,4,37,5,0,2006-03-22,68,68,2006-03-22
2005-06,22005,2544,0020501022,"Mar 24, 2006",CLE vs. BOS,W,45,13,26,0.5,4,8,0.5,6,8,0.75,3,4,7,8,2,3,0,2,36,8,0,2006-03-24,69,69,2006-03-24
2005-06,22005,2544,0020501033,"Mar 26, 2006",CLE @ HOU,W,49,14,34,0.412,0,4,0.0,8,11,0.727,3,3,6,5,2,0,2,2,36,4,0,2006-03-26,70,70,2006-03-26
2005-06,22005,2544,0020501057,"Mar 29, 2006",CLE vs. DAL,W,44,16,23,0.696,4,7,0.571,10,13,0.769,0,5,5,4,3,0,2,3,46,16,0,2006-03-29,71,71,2006-03-29
2005-06,22005,2544,0020501079,"Apr 01, 2006",CLE vs. MIA,W,45,16,25,0.64,2,6,0.333,13,14,0.929,4,8,12,9,2,0,4,3,47,13,0,2006-04-01,72,72,2006-04-01
2005-06,22005,2544,0020501092,"Apr 02, 2006",CLE @ CHA,W,41,13,24,0.542,2,5,0.4,7,9,0.778,1,11,12,8,1,2,3,5,35,2,0,2006-04-02,73,73,2006-04-02
2005-06,22005,2544,0020501097,"Apr 04, 2006",CLE vs. PHI,W,35,13,22,0.591,4,10,0.4,7,9,0.778,1,3,4,7,4,0,3,4,37,15,0,2006-04-04,74,74,2006-04-04
2005-06,22005,2544,0020501113,"Apr 05, 2006",CLE @ NYK,L,45,12,24,0.5,4,7,0.571,8,14,0.571,0,2,2,7,3,0,5,3,36,-2,0,2006-04-05,75,75,2006-04-05
2005-06,22005,2544,0020501133,"Apr 08, 2006",CLE @ NJN,W,44,12,26,0.462,0,3,0.0,13,16,0.813,1,4,5,7,1,0,6,5,37,5,0,2006-04-08,76,76,2006-04-08
2005-06,22005,2544,0020501152,"Apr 10, 2006",CLE @ NOK,W,42,12,24,0.5,0,3,0.0,8,12,0.667,1,3,4,6,0,0,2,1,32,3,0,2006-04-10,77,77,2006-04-10
2005-06,22005,2544,0020501167,"Apr 12, 2006",CLE @ DET,L,31,8,18,0.444,0,3,0.0,6,8,0.75,0,3,3,1,0,0,2,0,22,-11,0,2006-04-12,78,78,2006-04-12
2005-06,22005,2544,0020501197,"Apr 16, 2006",CLE @ WAS,L,29,8,16,0.5,0,0,0.0,1,2,0.5,0,5,5,4,1,1,3,2,17,-17,0,2006-04-16,79,80,2006-04-16
2006-07,22006,2544,0020600009,"Nov 01, 2006",CLE vs. WAS,W,40,11,24,0.458,2,4,0.5,2,6,0.333,3,7,10,5,0,2,5,2,26,3,0,2006-11-01,1,1,2006-11-01
2006-07,22006,2544,0020600025,"Nov 03, 2006",CLE @ SAS,W,42,14,26,0.538,1,2,0.5,6,11,0.545,1,9,10,4,1,1,2,3,35,6,0,2006-11-03,2,2,2006-11-03
2006-07,22006,2544,0020600032,"Nov 04, 2006",CLE @ CHA,L,38,3,13,0.231,1,3,0.333,9,10,0.9,4,5,9,7,0,1,2,0,16,-3,0,2006-11-04,3,3,2006-11-04
2006-07,22006,2544,0020600052,"Nov 07, 2006",CLE vs. ATL,L,47,13,26,0.5,3,8,0.375,5,11,0.455,0,7,7,6,2,1,2,1,34,-3,0,2006-11-07,4,4,2006-11-07
2006-07,22006,2544,0020600069,"Nov 09, 2006",CLE vs. CHI,W,38,6,13,0.462,0,1,0.0,7,8,0.875,0,4,4,12,3,2,3,0,19,26,0,2006-11-09,5,5,2006-11-09
2006-07,22006,2544,0020600083,"Nov 11, 2006",CLE vs. BOS,W,44,9,17,0.529,1,4,0.25,19,23,0.826,1,7,8,5,3,0,2,4,38,6,0,2006-11-11,6,6,2006-11-11
2006-07,22006,2544,0020600099,"Nov 13, 2006",CLE @ NYK,W,41,10,19,0.526,3,4,0.75,6,9,0.667,0,4,4,6,2,1,3,2,29,10,0,2006-11-13,7,7,2006-11-13
2006-07,22006,2544,0020600109,"Nov 15, 2006",CLE vs. POR,W,39,10,15,0.667,3,6,0.5,9,11,0.818,0,7,7,7,2,1,4,2,32,16,0,2006-11-15,8,8,2006-11-15
2006-07,22006,2544,0020600122,"Nov 17, 2006",CLE vs. MIN,W,41,12,24,0.5,2,5,0.4,11,14,0.786,2,7,9,6,1,2,4,1,37,12,0,2006-11-17,9,9,2006-11-17
2006-07,22006,2544,0020600129,"Nov 18, 2006",CLE @ WAS,L,33,8,20,0.4,0,1,0.0,4,5,0.8,2,3,5,4,2,0,3,2,20,-22,0,2006-11-18,10,10,2006-11-18
2006-07,22006,2544,0020600152,"Nov 21, 2006",CLE vs. MEM,W,42,7,21,0.333,1,5,0.2,0,1,0.0,0,1,1,9,3,1,3,1,15,3,0,2006-11-21,11,11,2006-11-21
2006-07,22006,2544,0020600158,"Nov 22, 2006",CLE @ TOR,L,40,11,24,0.458,2,7,0.286,6,9,0.667,0,10,10,8,4,0,2,1,30,-7,0,2006-11-22,12,12,2006-11-22
2006-07,22006,2544,0020600176,"Nov 24, 2006",CLE @ IND,L,43,6,14,0.429,2,2,1.0,16,20,0.8,1,6,7,5,1,0,3,6,30,1,0,2006-11-24,13,13,2006-11-24
2006-07,22006,2544,0020600188,"Nov 25, 2006",CLE vs. PHI,W,41,10,20,0.5,1,4,0.25,4,7,0.571,0,4,4,11,0,1,7,4,25,2,0,2006-11-25,14,14,2006-11-25
2006-07,22006,2544,0020600214,"Nov 29, 2006",CLE vs. NYK,L,41,10,22,0.455,0,5,0.0,7,11,0.636,1,6,7,6,0,1,5,1,27,-4,0,2006-11-29,15,15,2006-11-29
2006-07,22006,2544,0020600226,"Dec 01, 2006",CLE @ ATL,W,43,12,23,0.522,1,3,0.333,6,10,0.6,2,5,7,8,3,2,4,4,31,8,0,2006-12-01,16,16,2006-12-01
2006-07,22006,2544,0020600239,"Dec 02, 2006",CLE @ HOU,L,36,7,22,0.318,2,6,0.333,5,7,0.714,1,4,5,4,0,0,3,2,21,-13,0,2006-12-02,17,17,2006-12-02
2006-07,22006,2544,0020600262,"Dec 06, 2006",CLE vs. TOR,W,40,11,18,0.611,1,2,0.5,3,5,0.6,1,5,6,10,1,0,4,1,26,2,0,2006-12-06,18,18,2006-12-06
2006-07,22006,2544,0020600290,"Dec 09, 2006",CLE vs. IND,W,32,11,16,0.688,1,3,0.333,4,6,0.667,0,7,7,6,1,1,3,0,27,28,0,2006-12-09,19,19,2006-12-09
2006-07,22006,2544,0020600305,"Dec 11, 2006",CLE @ NOK,L,42,7,18,0.389,0,3,0.0,1,1,1.0,3,4,7,6,4,0,3,1,15,-4,0,2006-12-11,20,20,2006-12-11
2006-07,22006,2544,0020600317,"Dec 13, 2006",CLE vs. CHA,W,41,6,17,0.353,0,2,0.0,10,11,0.909,1,7,8,7,1,1,6,1,22,3,0,2006-12-13,21,21,2006-12-13
2006-07,22006,2544,0020600333,"Dec 15, 2006",CLE vs. SEA,W,33,9,14,0.643,2,3,0.667,2,3,0.667,0,9,9,7,1,0,4,3,22,22,0,2006-12-15,22,22,2006-12-15
2006-07,22006,2544,0020600343,"Dec 16, 2006",CLE @ ORL,L,41,10,19,0.526,2,5,0.4,7,9,0.778,1,4,5,5,0,1,4,4,29,-7,0,2006-12-16,23,23,2006-12-16
2006-07,22006,2544,0020600369,"Dec 20, 2006",CLE @ NJN,L,40,10,22,0.455,1,3,0.333,16,21,0.762,0,1,1,8,2,1,3,4,37,8,0,2006-12-20,24,24,2006-12-20
2006-07,22006,2544,0020600377,"Dec 21, 2006",CLE vs. DET,L,43,9,20,0.45,0,1,0.0,8,8,1.0,2,8,10,5,2,0,1,1,26,-20,0,2006-12-21,25,25,2006-12-21
2006-07,22006,2544,0020600396,"Dec 23, 2006",CLE vs. ORL,W,43,13,21,0.619,2,3,0.667,4,10,0.4,0,7,7,1,0,0,7,1,32,3,0,2006-12-23,26,26,2006-12-23
2006-07,22006,2544,0020600417,"Dec 27, 2006",CLE @ ATL,W,40,10,25,0.4,1,2,0.5,6,8,0.75,1,8,9,3,1,2,1,1,27,23,0,2006-12-27,27,27,2006-12-27
2006-07,22006,2544,0020600433,"Dec 29, 2006",CLE vs. MIL,W,44,11,21,0.524,2,6,0.333,8,13,0.615,1,3,4,5,1,1,3,5,32,11,0,2006-12-29,28,28,2006-12-29
2006-07,22006,2544,0020600446,"Dec 30, 2006",CLE @ CHI,L,40,15,26,0.577,3,4,0.75,0,3,0.0,2,7,9,3,1,0,5,4,33,6,0,2006-12-30,29,29,2006-12-30
2006-07,22006,2544,0020600461,"Jan 02, 2007",CLE vs. SAS,W,40,7,17,0.412,0,1,0.0,5,11,0.455,0,5,5,5,2,0,3,1,19,6,0,2007-01-02,30,30,2007-01-02
2006-07,22006,2544,0020600469,"Jan 03, 2007",CLE @ BOS,W,45,11,20,0.55,2,3,0.667,8,10,0.8,1,5,6,4,3,1,3,0,32,3,0,2007-01-03,31,31,2007-01-03
2006-07,22006,2544,0020600486,"Jan 05, 2007",CLE @ MIL,W,43,3,13,0.231,0,4,0.0,2,2,1.0,0,5,5,9,1,0,2,1,8,9,0,2007-01-05,32,32,2007-01-05
2006-07,22006,2544,0020600492,"Jan 06, 2007",CLE vs. NJN,W,44,9,21,0.429,1,3,0.333,0,0,0.0,0,13,13,4,3,3,5,4,19,4,0,2007-01-06,33,33,2007-01-06
2006-07,22006,2544,0020600515,"Jan 09, 2007",CLE @ SAC,W,44,14,26,0.538,3,7,0.429,3,3,1.0,1,3,4,7,2,1,3,3,34,13,0,2007-01-09,34,34,2007-01-09
2006-07,22006,2544,0020600529,"Jan 11, 2007",CLE @ PHX,L,39,15,28,0.536,3,9,0.333,1,2,0.5,2,4,6,6,1,0,5,2,34,-20,0,2007-01-11,35,35,2007-01-11
2006-07,22006,2544,0020600551,"Jan 13, 2007",CLE @ LAC,W,42,10,23,0.435,0,1,0.0,8,8,1.0,1,5,6,6,1,0,2,4,28,14,0,2007-01-13,36,36,2007-01-13
2006-07,22006,2544,0020600567,"Jan 16, 2007",CLE @ SEA,L,44,8,21,0.381,1,7,0.143,13,15,0.867,1,6,7,8,2,1,4,0,30,-7,0,2007-01-16,37,37,2007-01-16
2006-07,22006,2544,0020600577,"Jan 17, 2007",CLE @ POR,L,35,8,21,0.381,1,4,0.25,6,13,0.462,3,3,6,2,1,0,4,0,23,-24,0,2007-01-17,38,38,2007-01-17
2006-07,22006,2544,0020600590,"Jan 19, 2007",CLE @ DEN,L,44,9,23,0.391,0,1,0.0,12,14,0.857,2,8,10,10,2,0,3,2,30,-3,0,2007-01-19,39,39,2007-01-19
2006-07,22006,2544,0020600601,"Jan 20, 2007",CLE @ GSW,W,45,14,22,0.636,2,7,0.286,2,5,0.4,0,7,7,5,4,0,9,2,32,5,0,2007-01-20,40,40,2007-01-20
2006-07,22006,2544,0020600607,"Jan 22, 2007",CLE vs. ORL,L,43,6,15,0.4,0,3,0.0,6,13,0.462,0,4,4,5,3,0,2,2,18,-2,0,2007-01-22,41,41,2007-01-22
2006-07,22006,2544,0020600623,"Jan 24, 2007",CLE vs. PHI,L,53,14,26,0.538,3,8,0.375,8,13,0.615,2,8,10,5,1,0,4,2,39,-8,0,2007-01-24,42,42,2007-01-24
2006-07,22006,2544,0020600655,"Jan 28, 2007",CLE vs. PHX,L,42,12,22,0.545,3,6,0.5,3,6,0.5,2,7,9,5,2,0,3,2,30,-8,0,2007-01-28,43,44,2007-01-28
2006-07,22006,2544,0020600687,"Feb 01, 2007",CLE @ MIA,L,36,6,18,0.333,2,7,0.286,3,8,0.375,1,5,6,9,1,0,2,4,17,-12,0,2007-02-01,44,46,2007-02-01
2006-07,22006,2544,0020600694,"Feb 02, 2007",CLE vs. CHA,W,36,7,13,0.538,0,1,0.0,4,8,0.5,1,9,10,3,2,0,1,1,18,17,0,2007-02-02,45,47,2007-02-02
2006-07,22006,2544,0020600711,"Feb 04, 2007",CLE vs. DET,L,43,9,22,0.409,1,4,0.25,2,3,0.667,0,5,5,6,2,0,3,2,21,-12,0,2007-02-04,46,48,2007-02-04
2006-07,22006,2544,0020600729,"Feb 07, 2007",CLE vs. LAC,W,36,4,13,0.308,1,2,0.5,2,2,1.0,0,7,7,3,1,1,2,1,11,15,0,2007-02-07,47,49,2007-02-07
2006-07,22006,2544,0020600744,"Feb 09, 2007",CLE vs. MIA,W,41,12,22,0.545,1,4,0.25,4,8,0.5,1,6,7,6,0,0,2,1,29,22,0,2007-02-09,48,50,2007-02-09
2006-07,22006,2544,0020600759,"Feb 11, 2007",CLE vs. LAL,W,38,5,16,0.313,0,2,0.0,8,12,0.667,1,7,8,5,1,1,1,3,18,3,0,2007-02-11,49,51,2007-02-11
2006-07,22006,2544,0020600784,"Feb 14, 2007",CLE @ UTA,L,43,9,25,0.36,0,3,0.0,5,9,0.556,3,7,10,4,1,3,0,2,23,10,0,2007-02-14,50,52,2007-02-14
2006-07,22006,2544,0020600789,"Feb 15, 2007",CLE @ LAL,W,40,10,16,0.625,0,1,0.0,18,22,0.818,0,4,4,3,3,0,3,4,38,4,0,2007-02-15,51,53,2007-02-15
2006-07,22006,2544,0020600800,"Feb 21, 2007",CLE @ TOR,W,37,12,25,0.48,0,1,0.0,5,5,1.0,0,4,4,2,1,1,3,3,29,5,0,2007-02-21,52,54,2007-02-21
2006-07,22006,2544,0020600812,"Feb 22, 2007",CLE vs. CHI,L,43,13,28,0.464,1,4,0.25,2,8,0.25,3,4,7,2,3,0,3,1,29,3,0,2007-02-22,53,55,2007-02-22
2006-07,22006,2544,0020600835,"Feb 25, 2007",CLE @ MIA,L,42,10,22,0.455,2,5,0.4,7,12,0.583,0,3,3,7,0,1,2,2,29,6,0,2007-02-25,54,56,2007-02-25
2006-07,22006,2544,0020600850,"Feb 27, 2007",CLE vs. NOK,W,43,14,22,0.636,3,4,0.75,4,7,0.571,1,4,5,8,2,1,4,1,35,16,0,2007-02-27,55,57,2007-02-27
2006-07,22006,2544,0020600865,"Mar 01, 2007",CLE @ DAL,L,40,17,27,0.63,1,4,0.25,4,8,0.5,0,3,3,5,0,0,2,2,39,-2,0,2007-03-01,56,58,2007-03-01
2006-07,22006,2544,0020600881,"Mar 03, 2007",CLE vs. TOR,W,37,10,20,0.5,1,3,0.333,15,17,0.882,2,3,5,6,0,3,2,1,36,23,0,2007-03-03,57,59,2007-03-03
2006-07,22006,2544,0020600895,"Mar 05, 2007",CLE vs. HOU,W,42,12,24,0.5,3,6,0.5,5,9,0.556,1,11,12,8,0,0,3,2,32,-1,0,2007-03-05,58,60,2007-03-05
2006-07,22006,2544,0020600912,"Mar 07, 2007",CLE @ DET,W,51,17,31,0.548,1,3,0.333,6,8,0.75,2,5,7,8,3,1,4,4,41,8,0,2007-03-07,59,61,2007-03-07
2006-07,22006,2544,0020600932,"Mar 10, 2007",CLE @ MIL,W,36,12,22,0.545,4,6,0.667,4,4,1.0,0,8,8,9,3,1,6,5,32,15,0,2007-03-10,60,62,2007-03-10
2006-07,22006,2544,0020600940,"Mar 11, 2007",CLE vs. IND,W,39,10,22,0.455,2,6,0.333,4,5,0.8,3,4,7,6,3,1,2,2,26,23,0,2007-03-11,61,63,2007-03-11
2006-07,22006,2544,0020600963,"Mar 14, 2007",CLE @ MEM,W,30,11,17,0.647,4,7,0.571,3,6,0.5,1,5,6,4,3,0,2,0,29,35,0,2007-03-14,62,65,2007-03-14
2006-07,22006,2544,0020600982,"Mar 17, 2007",CLE vs. UTA,W,44,8,21,0.381,0,6,0.0,8,13,0.615,2,15,17,9,2,2,4,3,24,7,0,2007-03-17,63,66,2007-03-17
2006-07,22006,2544,0020600998,"Mar 20, 2007",CLE @ CHA,L,47,12,31,0.387,2,9,0.222,11,12,0.917,2,4,6,6,1,3,3,4,37,-5,0,2007-03-20,64,67,2007-03-20
2006-07,22006,2544,0020601010,"Mar 21, 2007",CLE vs. DAL,L,45,12,28,0.429,1,6,0.167,6,7,0.857,0,6,6,4,2,3,6,3,31,-6,0,2007-03-21,65,68,2007-03-21
2006-07,22006,2544,0020601026,"Mar 23, 2007",CLE vs. NYK,W,38,8,16,0.5,0,1,0.0,5,6,0.833,1,2,3,10,2,0,1,1,21,19,0,2007-03-23,66,69,2007-03-23
2006-07,22006,2544,0020601042,"Mar 25, 2007",CLE vs. DEN,L,41,8,19,0.421,1,6,0.167,1,1,1.0,0,3,3,8,1,0,5,4,18,-13,0,2007-03-25,67,70,2007-03-25
2006-07,22006,2544,0020601054,"Mar 27, 2007",CLE @ IND,W,40,8,18,0.444,0,3,0.0,10,14,0.714,1,6,7,6,2,0,3,4,26,11,0,2007-03-27,68,71,2007-03-27
2006-07,22006,2544,0020601063,"Mar 28, 2007",CLE @ NYK,L,44,6,20,0.3,2,5,0.4,10,14,0.714,1,5,6,7,2,0,3,3,24,2,0,2007-03-28,69,72,2007-03-28
2006-07,22006,2544,0020601084,"Mar 31, 2007",CLE @ CHI,W,47,14,25,0.56,0,3,0.0,11,13,0.846,1,4,5,9,3,0,7,4,39,4,0,2007-03-31,70,73,2007-03-31
2006-07,22006,2544,0020601105,"Apr 03, 2007",CLE @ MIN,W,42,13,24,0.542,0,2,0.0,5,5,1.0,2,10,12,6,4,1,2,1,31,21,0,2007-04-03,71,75,2007-04-03
2006-07,22006,2544,0020601119,"Apr 05, 2007",CLE vs. MIA,L,49,11,21,0.524,2,5,0.4,11,13,0.846,2,7,9,5,0,0,4,4,35,2,0,2007-04-05,72,76,2007-04-05
2006-07,22006,2544,0020601126,"Apr 06, 2007",CLE @ WAS,W,44,7,23,0.304,0,3,0.0,11,14,0.786,0,6,6,5,1,1,2,3,25,5,0,2007-04-06,73,77,2007-04-06
2006-07,22006,2544,0020601143,"Apr 08, 2007",CLE @ DET,L,43,5,16,0.313,1,4,0.25,9,11,0.818,1,4,5,6,1,0,5,2,20,-11,0,2007-04-08,74,78,2007-04-08
2006-07,22006,2544,0020601173,"Apr 12, 2007",CLE vs. NJN,W,35,15,27,0.556,0,1,0.0,5,9,0.556,3,5,8,4,2,1,2,1,35,21,0,2007-04-12,75,79,2007-04-12
2006-07,22006,2544,0020601188,"Apr 14, 2007",CLE vs. ATL,W,32,8,16,0.5,3,6,0.5,4,5,0.8,1,4,5,6,1,1,0,1,23,25,0,2007-04-14,76,80,2007-04-14
2006-07,22006,2544,0020601211,"Apr 17, 2007",CLE @ PHI,W,36,7,15,0.467,0,2,0.0,4,7,0.571,1,4,5,6,0,0,1,3,18,-4,0,2007-04-17,77,81,2007-04-17
2006-07,22006,2544,0020601220,"Apr 18, 2007",CLE vs. MIL,W,40,9,18,0.5,1,4,0.25,5,10,0.5,0,5,5,9,2,0,2,2,24,22,0,2007-04-18,78,82,2007-04-18
2007-08,22007,2544,0020700008,"Oct 31, 2007",CLE vs. DAL,L,36,2,11,0.182,0,2,0.0,6,10,0.6,1,4,5,4,1,0,5,4,10,-12,0,2007-10-31,1,1,2007-10-31
2007-08,22007,2544,0020700020,"Nov 02, 2007",CLE vs. NYK,W,44,13,28,0.464,3,5,0.6,16,22,0.727,3,4,7,7,3,1,3,1,45,4,0,2007-11-02,2,2,2007-11-02
2007-08,22007,2544,0020700041,"Nov 04, 2007",CLE @ PHX,L,43,11,26,0.423,3,5,0.6,2,2,1.0,1,4,5,8,2,4,3,0,27,-18,0,2007-11-04,3,3,2007-11-04
2007-08,22007,2544,0020700053,"Nov 06, 2007",CLE @ GSW,W,42,9,16,0.563,1,2,0.5,5,7,0.714,1,12,13,9,0,3,2,1,24,4,0,2007-11-06,4,4,2007-11-06
2007-08,22007,2544,0020700060,"Nov 07, 2007",CLE @ UTA,L,41,12,27,0.444,1,4,0.25,7,15,0.467,2,13,15,13,3,2,4,4,32,4,0,2007-11-07,5,5,2007-11-07
2007-08,22007,2544,0020700077,"Nov 09, 2007",CLE @ SAC,W,44,10,19,0.526,0,2,0.0,6,8,0.75,0,4,4,4,1,1,1,1,26,-1,0,2007-11-09,6,6,2007-11-09
2007-08,22007,2544,0020700092,"Nov 11, 2007",CLE @ LAC,W,36,9,21,0.429,0,2,0.0,4,8,0.5,1,4,5,8,6,1,5,3,22,11,0,2007-11-11,7,7,2007-11-11
2007-08,22007,2544,0020700094,"Nov 12, 2007",CLE @ DEN,L,34,9,16,0.563,1,3,0.333,8,14,0.571,0,1,1,4,2,0,4,3,27,-13,0,2007-11-12,8,8,2007-11-12
2007-08,22007,2544,0020700107,"Nov 14, 2007",CLE vs. ORL,L,47,15,27,0.556,2,4,0.5,7,9,0.778,4,9,13,14,0,2,4,1,39,2,0,2007-11-14,9,9,2007-11-14
2007-08,22007,2544,0020700124,"Nov 16, 2007",CLE vs. UTA,W,40,13,27,0.481,1,3,0.333,13,15,0.867,2,8,10,9,0,3,5,3,40,13,0,2007-11-16,10,10,2007-11-16
2007-08,22007,2544,0020700151,"Nov 20, 2007",CLE vs. MIL,L,44,11,22,0.5,1,7,0.143,11,12,0.917,0,7,7,7,1,1,3,4,34,-2,0,2007-11-20,11,11,2007-11-20
2007-08,22007,2544,0020700165,"Nov 21, 2007",CLE @ MIN,W,39,17,26,0.654,6,10,0.6,5,8,0.625,2,6,8,5,3,2,3,2,45,14,0,2007-11-21,12,12,2007-11-21
2007-08,22007,2544,0020700183,"Nov 24, 2007",CLE vs. TOR,W,45,14,29,0.483,2,8,0.25,7,8,0.875,3,9,12,12,3,1,4,3,37,7,0,2007-11-24,13,13,2007-11-24
2007-08,22007,2544,0020700193,"Nov 25, 2007",CLE @ IND,W,36,10,21,0.476,1,6,0.167,9,15,0.6,3,8,11,10,4,1,2,1,30,9,0,2007-11-25,14,14,2007-11-25
2007-08,22007,2544,0020700204,"Nov 27, 2007",CLE vs. BOS,W,46,11,25,0.44,2,8,0.25,14,15,0.933,0,4,4,13,2,2,3,2,38,14,0,2007-11-27,15,15,2007-11-27
2007-08,22007,2544,0020700214,"Nov 28, 2007",CLE @ DET,L,20,5,11,0.455,0,2,0.0,5,9,0.556,0,1,1,3,0,0,0,1,15,-2,0,2007-11-28,16,16,2007-11-28
2007-08,22007,2544,0020700308,"Dec 11, 2007",CLE vs. IND,W,23,5,9,0.556,0,1,0.0,7,10,0.7,1,2,3,5,1,1,4,2,17,27,0,2007-12-11,17,22,2007-12-11
2007-08,22007,2544,0020700331,"Dec 14, 2007",CLE @ NJN,L,41,12,25,0.48,3,9,0.333,2,3,0.667,0,6,6,8,2,0,6,3,29,6,0,2007-12-14,18,23,2007-12-14
2007-08,22007,2544,0020700344,"Dec 15, 2007",CLE vs. PHI,L,42,10,18,0.556,0,1,0.0,1,1,1.0,0,6,6,6,0,1,3,1,21,5,0,2007-12-15,19,24,2007-12-15
2007-08,22007,2544,0020700355,"Dec 17, 2007",CLE vs. MIL,W,50,10,25,0.4,0,5,0.0,11,13,0.846,1,7,8,5,1,0,2,3,31,6,0,2007-12-17,20,25,2007-12-17
2007-08,22007,2544,0020700370,"Dec 19, 2007",CLE @ NYK,L,37,12,21,0.571,3,6,0.5,5,6,0.833,1,7,8,6,6,0,4,1,32,-9,0,2007-12-19,21,26,2007-12-19
2007-08,22007,2544,0020700379,"Dec 20, 2007",CLE vs. LAL,W,38,12,29,0.414,0,3,0.0,9,11,0.818,4,6,10,5,1,1,3,3,33,-7,0,2007-12-20,22,27,2007-12-20
2007-08,22007,2544,0020700402,"Dec 23, 2007",CLE vs. GSW,L,41,8,20,0.4,0,2,0.0,9,13,0.692,2,3,5,8,1,1,3,2,25,-12,0,2007-12-23,23,28,2007-12-23
2007-08,22007,2544,0020700405,"Dec 25, 2007",CLE vs. MIA,W,39,9,19,0.474,0,3,0.0,7,11,0.636,0,6,6,12,1,1,2,3,25,18,0,2007-12-25,24,29,2007-12-25
2007-08,22007,2544,0020700419,"Dec 27, 2007",CLE @ DAL,W,36,9,21,0.429,1,4,0.25,5,10,0.5,4,4,8,7,3,0,3,5,24,5,0,2007-12-27,25,30,2007-12-27
2007-08,22007,2544,0020700438,"Dec 29, 2007",CLE @ NOH,L,42,8,21,0.381,1,4,0.25,4,6,0.667,2,3,5,6,1,0,4,1,21,-18,0,2007-12-29,26,31,2007-12-29
2007-08,22007,2544,0020700460,"Jan 02, 2008",CLE vs. ATL,W,40,13,22,0.591,1,3,0.333,9,11,0.818,1,4,5,6,2,1,2,1,36,7,0,2008-01-02,27,32,2008-01-02
2007-08,22007,2544,0020700477,"Jan 04, 2008",CLE vs. SAC,W,45,7,18,0.389,1,6,0.167,9,12,0.75,1,7,8,10,5,1,3,1,24,7,0,2008-01-04,28,33,2008-01-04
2007-08,22007,2544,0020700490,"Jan 06, 2008",CLE @ TOR,W,46,14,29,0.483,4,8,0.5,7,12,0.583,3,8,11,8,0,0,1,1,39,-1,0,2008-01-06,29,34,2008-01-06
2007-08,22007,2544,0020700503,"Jan 08, 2008",CLE vs. SEA,W,35,8,18,0.444,0,3,0.0,6,6,1.0,2,6,8,3,2,0,4,2,22,13,0,2008-01-08,30,35,2008-01-08
2007-08,22007,2544,0020700510,"Jan 09, 2008",CLE @ ATL,L,43,13,22,0.591,0,4,0.0,5,9,0.556,3,7,10,6,3,1,3,3,31,-7,0,2008-01-09,31,36,2008-01-09
2007-08,22007,2544,0020700527,"Jan 11, 2008",CLE vs. CHA,W,50,10,20,0.5,2,7,0.286,9,15,0.6,5,14,19,8,4,3,8,3,31,-2,0,2008-01-11,32,37,2008-01-11
2007-08,22007,2544,0020700558,"Jan 15, 2008",CLE @ MEM,W,47,18,28,0.643,6,12,0.5,9,16,0.563,3,5,8,9,3,1,4,1,51,10,0,2008-01-15,33,38,2008-01-15
2007-08,22007,2544,0020700570,"Jan 17, 2008",CLE @ SAS,W,39,9,24,0.375,1,5,0.2,8,12,0.667,3,6,9,7,0,2,3,1,27,-11,0,2008-01-17,34,39,2008-01-17
2007-08,22007,2544,0020700606,"Jan 21, 2008",CLE @ MIA,W,40,11,26,0.423,1,4,0.25,5,5,1.0,1,2,3,5,4,1,5,4,28,12,0,2008-01-21,35,40,2008-01-21
2007-08,22007,2544,0020700612,"Jan 23, 2008",CLE vs. WAS,W,31,7,13,0.538,1,3,0.333,8,9,0.889,2,6,8,8,2,1,0,2,23,31,0,2008-01-23,36,41,2008-01-23
2007-08,22007,2544,0020700627,"Jan 25, 2008",CLE vs. PHX,L,39,14,30,0.467,0,1,0.0,8,10,0.8,2,5,7,5,2,0,1,3,36,-12,0,2008-01-25,37,42,2008-01-25
2007-08,22007,2544,0020700643,"Jan 27, 2008",CLE @ LAL,W,44,16,32,0.5,1,5,0.2,8,12,0.667,3,6,9,4,2,0,5,4,41,-3,0,2008-01-27,38,43,2008-01-27
2007-08,22007,2544,0020700672,"Jan 30, 2008",CLE @ POR,W,44,13,29,0.448,3,6,0.5,8,12,0.667,2,12,14,4,2,2,4,3,37,3,0,2008-01-30,39,44,2008-01-30
2007-08,22007,2544,0020700690,"Feb 02, 2008",CLE vs. LAC,W,44,8,19,0.421,1,4,0.25,11,16,0.688,0,11,11,7,2,1,3,2,28,15,0,2008-02-02,40,46,2008-02-02
2007-08,22007,2544,0020700708,"Feb 05, 2008",CLE vs. BOS,W,42,11,21,0.524,4,8,0.5,7,10,0.7,1,8,9,12,5,2,7,5,33,12,0,2008-02-05,41,47,2008-02-05
2007-08,22007,2544,0020700724,"Feb 07, 2008",CLE @ HOU,L,41,12,23,0.522,2,5,0.4,6,11,0.545,1,6,7,6,2,2,3,0,32,-11,0,2008-02-07,42,48,2008-02-07
2007-08,22007,2544,0020700730,"Feb 08, 2008",CLE @ ATL,W,44,11,24,0.458,0,3,0.0,4,4,1.0,4,7,11,7,2,1,1,2,26,5,0,2008-02-08,43,49,2008-02-08
2007-08,22007,2544,0020700744,"Feb 10, 2008",CLE vs. DEN,L,33,11,23,0.478,2,5,0.4,6,6,1.0,1,4,5,3,2,0,5,1,30,-25,0,2008-02-10,44,50,2008-02-10
2007-08,22007,2544,0020700754,"Feb 11, 2008",CLE @ ORL,W,44,8,15,0.533,1,2,0.5,12,15,0.8,1,6,7,10,3,1,5,3,29,10,0,2008-02-11,45,51,2008-02-11
2007-08,22007,2544,0020700768,"Feb 13, 2008",CLE vs. SAS,L,43,17,31,0.548,1,5,0.2,4,7,0.571,2,4,6,9,0,1,3,4,39,-4,0,2008-02-13,46,52,2008-02-13
2007-08,22007,2544,0020700781,"Feb 19, 2008",CLE vs. HOU,L,42,7,18,0.389,4,7,0.571,8,11,0.727,2,11,13,11,2,0,5,2,26,-8,0,2008-02-19,47,53,2008-02-19
2007-08,22007,2544,0020700792,"Feb 20, 2008",CLE @ IND,W,43,11,22,0.5,1,5,0.2,8,12,0.667,2,12,14,12,2,1,4,1,31,14,0,2008-02-20,48,54,2008-02-20
2007-08,22007,2544,0020700807,"Feb 22, 2008",CLE vs. WAS,W,45,11,20,0.55,2,6,0.333,9,14,0.643,3,12,15,8,1,1,3,1,33,2,0,2008-02-22,49,55,2008-02-22
2007-08,22007,2544,0020700826,"Feb 24, 2008",CLE vs. MEM,W,39,10,17,0.588,1,4,0.25,4,5,0.8,1,6,7,11,3,1,6,2,25,19,0,2008-02-24,50,56,2008-02-24
2007-08,22007,2544,0020700839,"Feb 26, 2008",CLE @ MIL,L,38,16,24,0.667,1,3,0.333,2,5,0.4,0,4,4,6,0,1,2,3,35,-2,0,2008-02-26,51,57,2008-02-26
2007-08,22007,2544,0020700849,"Feb 27, 2008",CLE @ BOS,L,39,7,24,0.292,1,6,0.167,11,15,0.733,4,4,8,4,0,0,3,2,26,-13,0,2008-02-27,52,58,2008-02-27
2007-08,22007,2544,0020700861,"Feb 29, 2008",CLE vs. MIN,W,44,11,22,0.5,1,4,0.25,7,9,0.778,2,6,8,13,2,0,3,2,30,12,0,2008-02-29,53,59,2008-02-29
2007-08,22007,2544,0020700875,"Mar 02, 2008",CLE vs. CHI,W,40,15,29,0.517,0,5,0.0,7,8,0.875,3,3,6,6,1,0,3,1,37,21,0,2008-03-02,54,60,2008-03-02
2007-08,22007,2544,0020700900,"Mar 05, 2008",CLE @ NYK,W,44,16,30,0.533,7,13,0.538,11,16,0.688,1,7,8,10,4,0,2,3,50,11,0,2008-03-05,55,61,2008-03-05
2007-08,22007,2544,0020700909,"Mar 06, 2008",CLE @ CHI,L,38,13,27,0.481,2,8,0.25,11,12,0.917,0,3,3,1,1,3,4,1,39,-21,0,2008-03-06,56,62,2008-03-06
2007-08,22007,2544,0020700924,"Mar 08, 2008",CLE vs. IND,W,38,11,24,0.458,5,8,0.625,11,12,0.917,4,7,11,4,1,2,2,2,38,15,0,2008-03-08,57,63,2008-03-08
2007-08,22007,2544,0020700941,"Mar 10, 2008",CLE vs. POR,W,44,7,18,0.389,1,4,0.25,9,13,0.692,1,9,10,11,1,2,4,0,24,10,0,2008-03-10,58,64,2008-03-10
2007-08,22007,2544,0020700955,"Mar 12, 2008",CLE @ NJN,L,46,12,23,0.522,2,7,0.286,16,23,0.696,3,8,11,7,1,2,6,5,42,-4,0,2008-03-12,59,65,2008-03-12
2007-08,22007,2544,0020700963,"Mar 13, 2008",CLE @ WAS,L,43,9,22,0.409,1,7,0.143,6,8,0.75,2,5,7,7,0,0,7,4,25,3,0,2008-03-13,60,66,2008-03-13
2007-08,22007,2544,0020700987,"Mar 16, 2008",CLE vs. CHA,W,42,11,24,0.458,1,3,0.333,10,16,0.625,2,5,7,10,1,2,1,2,33,17,0,2008-03-16,61,67,2008-03-16
2007-08,22007,2544,0020700992,"Mar 17, 2008",CLE @ ORL,L,42,11,22,0.5,1,4,0.25,7,11,0.636,2,7,9,6,0,1,3,1,30,-7,0,2008-03-17,62,68,2008-03-17
2007-08,22007,2544,0020701011,"Mar 19, 2008",CLE vs. DET,W,41,11,19,0.579,2,5,0.4,6,7,0.857,3,4,7,6,1,1,0,0,30,15,0,2008-03-19,63,69,2008-03-19
2007-08,22007,2544,0020701024,"Mar 21, 2008",CLE vs. TOR,W,41,14,22,0.636,1,3,0.333,0,0,0.0,0,12,12,5,1,0,5,1,29,-3,0,2008-03-21,64,70,2008-03-21
2007-08,22007,2544,0020701036,"Mar 22, 2008",CLE @ MIL,L,39,9,25,0.36,3,9,0.333,8,10,0.8,4,7,11,4,2,0,4,3,29,-12,0,2008-03-22,65,71,2008-03-22
2007-08,22007,2544,0020701062,"Mar 26, 2008",CLE vs. NOH,L,41,6,14,0.429,1,2,0.5,8,10,0.8,0,3,3,8,2,2,2,2,21,-3,0,2008-03-26,66,72,2008-03-26
2007-08,22007,2544,0020701085,"Mar 29, 2008",CLE @ DET,L,35,4,17,0.235,1,5,0.2,4,6,0.667,0,4,4,5,0,0,5,0,13,-19,0,2008-03-29,67,73,2008-03-29
2007-08,22007,2544,0020701095,"Mar 30, 2008",CLE vs. PHI,W,42,11,18,0.611,1,2,0.5,3,3,1.0,3,6,9,9,3,1,1,4,26,7,0,2008-03-30,68,74,2008-03-30
2007-08,22007,2544,0020701114,"Apr 02, 2008",CLE @ CHA,W,31,11,19,0.579,1,4,0.25,6,6,1.0,2,2,4,5,3,2,4,6,29,3,0,2008-04-02,69,75,2008-04-02
2007-08,22007,2544,0020701123,"Apr 03, 2008",CLE vs. CHI,L,39,10,24,0.417,3,7,0.429,10,14,0.714,0,5,5,4,2,2,3,4,33,-1,0,2008-04-03,70,76,2008-04-03
2007-08,22007,2544,0020701137,"Apr 05, 2008",CLE vs. ORL,L,42,6,22,0.273,1,5,0.2,4,8,0.5,5,2,7,9,2,2,5,1,17,-15,0,2008-04-05,71,77,2008-04-05
2007-08,22007,2544,0020701168,"Apr 09, 2008",CLE vs. NJN,W,35,11,21,0.524,1,4,0.25,10,13,0.769,4,3,7,8,1,2,0,2,33,10,0,2008-04-09,72,78,2008-04-09
2007-08,22007,2544,0020701179,"Apr 11, 2008",CLE @ CHI,L,38,13,21,0.619,2,6,0.333,6,12,0.5,0,6,6,2,3,0,3,2,34,-10,0,2008-04-11,73,79,2008-04-11
2007-08,22007,2544,0020701197,"Apr 13, 2008",CLE vs. MIA,W,35,3,9,0.333,0,1,0.0,7,9,0.778,0,11,11,7,1,2,5,1,13,-3,0,2008-04-13,74,80,2008-04-13
2007-08,22007,2544,0020701204,"Apr 14, 2008",CLE @ PHI,W,42,10,18,0.556,1,2,0.5,6,12,0.5,1,3,4,5,2,1,5,3,27,-5,0,2008-04-14,75,81,2008-04-14
2008-09,22008,2544,0020800001,"Oct 28, 2008",CLE @ BOS,L,36,9,21,0.429,0,4,0.0,4,8,0.5,1,6,7,6,2,1,3,4,22,-3,0,2008-10-28,1,1,2008-10-28
2008-09,22008,2544,0020800016,"Oct 30, 2008",CLE vs. CHA,W,30,7,15,0.467,0,2,0.0,8,12,0.667,2,7,9,9,0,1,5,3,22,10,0,2008-10-30,2,2,2008-10-30
2008-09,22008,2544,0020800033,"Nov 01, 2008",CLE @ NOH,L,38,6,15,0.4,0,3,0.0,3,4,0.75,2,5,7,13,3,0,5,3,15,-8,0,2008-11-01,3,3,2008-11-01
2008-09,22008,2544,0020800046,"Nov 03, 2008",CLE @ DAL,W,34,8,20,0.4,0,2,0.0,13,15,0.867,2,6,8,3,2,1,1,1,29,13,0,2008-11-03,4,4,2008-11-03
2008-09,22008,2544,0020800055,"Nov 05, 2008",CLE vs. CHI,W,36,13,23,0.565,0,2,0.0,15,16,0.938,2,7,9,6,4,0,5,1,41,22,0,2008-11-05,5,5,2008-11-05
2008-09,22008,2544,0020800070,"Nov 07, 2008",CLE vs. IND,W,39,11,24,0.458,1,6,0.167,4,7,0.571,2,7,9,8,1,4,4,2,27,-3,0,2008-11-07,6,6,2008-11-07
2008-09,22008,2544,0020800082,"Nov 08, 2008",CLE @ CHI,W,39,13,29,0.448,4,7,0.571,11,13,0.846,4,9,13,4,0,0,2,1,41,12,0,2008-11-08,7,7,2008-11-08
2008-09,22008,2544,0020800099,"Nov 11, 2008",CLE vs. MIL,W,43,16,24,0.667,1,4,0.25,8,10,0.8,0,5,5,6,3,0,2,2,41,11,0,2008-11-11,8,8,2008-11-11
2008-09,22008,2544,0020800117,"Nov 13, 2008",CLE vs. DEN,W,38,10,20,0.5,0,0,0.0,2,4,0.5,1,7,8,11,3,0,5,4,22,14,0,2008-11-13,9,9,2008-11-13
2008-09,22008,2544,0020800135,"Nov 15, 2008",CLE vs. UTA,W,42,13,21,0.619,3,7,0.429,9,11,0.818,3,2,5,7,2,2,2,2,38,33,0,2008-11-15,10,10,2008-11-15
2008-09,22008,2544,0020800154,"Nov 18, 2008",CLE @ NJN,W,36,9,20,0.45,1,4,0.25,12,17,0.706,0,8,8,4,0,1,3,3,31,17,0,2008-11-18,11,11,2008-11-18
2008-09,22008,2544,0020800160,"Nov 19, 2008",CLE @ DET,L,39,8,21,0.381,0,4,0.0,9,10,0.9,1,5,6,6,4,0,3,1,25,-5,0,2008-11-19,12,12,2008-11-19
2008-09,22008,2544,0020800186,"Nov 22, 2008",CLE vs. ATL,W,37,8,19,0.421,1,4,0.25,7,7,1.0,1,6,7,8,2,0,2,3,24,16,0,2008-11-22,13,13,2008-11-22
2008-09,22008,2544,0020800206,"Nov 25, 2008",CLE @ NYK,W,30,7,14,0.5,3,7,0.429,9,11,0.818,0,4,4,1,1,1,1,0,26,17,0,2008-11-25,14,14,2008-11-25
2008-09,22008,2544,0020800211,"Nov 26, 2008",CLE vs. OKC,W,17,7,12,0.583,0,1,0.0,0,0,0.0,0,3,3,3,1,3,0,0,14,24,0,2008-11-26,15,15,2008-11-26
2008-09,22008,2544,0020800227,"Nov 28, 2008",CLE vs. GSW,W,31,9,13,0.692,3,4,0.75,2,4,0.5,1,6,7,8,3,1,2,2,23,24,0,2008-11-28,16,16,2008-11-28
2008-09,22008,2544,0020800243,"Nov 29, 2008",CLE @ MIL,W,41,12,27,0.444,1,5,0.2,7,10,0.7,1,6,7,5,2,1,3,3,32,7,0,2008-11-29,17,17,2008-11-29
2008-09,22008,2544,0020800265,"Dec 03, 2008",CLE vs. NYK,W,28,5,10,0.5,1,4,0.25,10,10,1.0,0,5,5,6,5,1,0,0,21,30,0,2008-12-03,18,18,2008-12-03
2008-09,22008,2544,0020800279,"Dec 05, 2008",CLE vs. IND,W,38,4,12,0.333,0,4,0.0,3,4,0.75,2,6,8,11,1,3,2,2,11,32,0,2008-12-05,19,19,2008-12-05
2008-09,22008,2544,0020800287,"Dec 06, 2008",CLE @ CHA,W,28,8,17,0.471,2,4,0.5,7,8,0.875,2,3,5,4,2,2,3,3,25,27,0,2008-12-06,20,20,2008-12-06
2008-09,22008,2544,0020800305,"Dec 09, 2008",CLE vs. TOR,W,30,11,18,0.611,2,5,0.4,7,8,0.875,0,5,5,4,3,0,2,1,31,19,0,2008-12-09,21,21,2008-12-09
2008-09,22008,2544,0020800318,"Dec 10, 2008",CLE @ PHI,W,39,10,22,0.455,2,6,0.333,7,8,0.875,2,2,4,5,0,2,1,4,29,-1,0,2008-12-10,22,22,2008-12-10
2008-09,22008,2544,0020800326,"Dec 12, 2008",CLE vs. PHI,W,37,9,21,0.429,1,4,0.25,9,12,0.75,3,4,7,7,1,3,0,2,28,13,0,2008-12-12,23,23,2008-12-12
2008-09,22008,2544,0020800337,"Dec 13, 2008",CLE @ ATL,L,46,10,19,0.526,2,7,0.286,11,12,0.917,2,4,6,9,4,1,1,2,33,1,0,2008-12-13,24,24,2008-12-13
2008-09,22008,2544,0020800372,"Dec 17, 2008",CLE @ MIN,W,40,14,20,0.7,2,6,0.333,2,4,0.5,0,6,6,3,2,2,0,1,32,22,0,2008-12-17,25,25,2008-12-17
2008-09,22008,2544,0020800388,"Dec 19, 2008",CLE @ DEN,W,39,13,20,0.65,0,2,0.0,7,8,0.875,3,7,10,8,0,0,6,3,33,14,0,2008-12-19,26,26,2008-12-19
2008-09,22008,2544,0020800402,"Dec 21, 2008",CLE @ OKC,W,43,14,24,0.583,2,4,0.5,1,2,0.5,2,2,4,7,3,1,3,1,31,16,0,2008-12-21,27,27,2008-12-21
2008-09,22008,2544,0020800411,"Dec 23, 2008",CLE vs. HOU,W,38,11,23,0.478,0,3,0.0,5,7,0.714,1,8,9,5,3,1,7,2,27,14,0,2008-12-23,28,28,2008-12-23
2008-09,22008,2544,0020800424,"Dec 25, 2008",CLE vs. WAS,W,38,6,13,0.462,0,2,0.0,6,10,0.6,0,5,5,6,3,1,3,1,18,-4,0,2008-12-25,29,29,2008-12-25
2008-09,22008,2544,0020800446,"Dec 28, 2008",CLE vs. MIA,W,43,12,19,0.632,2,4,0.5,7,12,0.583,0,6,6,9,0,1,2,1,33,8,0,2008-12-28,30,30,2008-12-28
2008-09,22008,2544,0020800460,"Dec 30, 2008",CLE @ MIA,L,43,12,24,0.5,3,8,0.375,11,14,0.786,0,2,2,7,0,2,5,2,38,-6,0,2008-12-30,31,31,2008-12-30
2008-09,22008,2544,0020800476,"Jan 02, 2009",CLE vs. CHI,W,37,3,8,0.375,2,3,0.667,8,8,1.0,1,9,10,11,2,3,5,1,16,27,0,2009-01-02,32,32,2009-01-02
2008-09,22008,2544,0020800496,"Jan 04, 2009",CLE @ WAS,L,41,11,22,0.5,3,9,0.333,5,8,0.625,0,6,6,10,1,2,7,4,30,0,0,2009-01-04,33,33,2009-01-04
2008-09,22008,2544,0020800515,"Jan 07, 2009",CLE vs. CHA,W,31,9,16,0.563,0,1,0.0,3,3,1.0,0,4,4,4,2,2,4,1,21,23,0,2009-01-07,34,34,2009-01-07
2008-09,22008,2544,0020800531,"Jan 09, 2009",CLE vs. BOS,W,36,13,25,0.52,3,7,0.429,9,9,1.0,1,6,7,6,4,3,3,2,38,20,0,2009-01-09,35,35,2009-01-09
2008-09,22008,2544,0020800560,"Jan 13, 2009",CLE @ MEM,W,40,9,15,0.6,1,5,0.2,11,14,0.786,0,11,11,10,3,1,2,2,30,21,0,2009-01-13,36,36,2009-01-13
2008-09,22008,2544,0020800578,"Jan 15, 2009",CLE @ CHI,L,44,8,28,0.286,1,6,0.167,11,16,0.688,3,11,14,7,1,1,8,4,28,2,0,2009-01-15,37,37,2009-01-15
2008-09,22008,2544,0020800583,"Jan 16, 2009",CLE vs. NOH,W,43,12,24,0.5,0,2,0.0,5,6,0.833,3,11,14,7,3,1,4,3,29,19,0,2009-01-16,38,38,2009-01-16
2008-09,22008,2544,0020800612,"Jan 19, 2009",CLE @ LAL,L,42,9,25,0.36,1,5,0.2,4,8,0.5,2,7,9,4,4,1,6,1,23,-11,0,2009-01-19,39,39,2009-01-19
2008-09,22008,2544,0020800624,"Jan 21, 2009",CLE @ POR,W,42,14,30,0.467,3,6,0.5,3,4,0.75,0,7,7,14,1,0,2,1,34,14,0,2009-01-21,40,40,2009-01-21
2008-09,22008,2544,0020800638,"Jan 23, 2009",CLE @ GSW,W,41,10,24,0.417,2,5,0.4,10,16,0.625,2,7,9,8,3,2,2,2,32,12,0,2009-01-23,41,41,2009-01-23
2008-09,22008,2544,0020800644,"Jan 24, 2009",CLE @ UTA,W,41,14,27,0.519,1,6,0.167,4,6,0.667,4,10,14,9,1,0,2,1,33,16,0,2009-01-24,42,42,2009-01-24
2008-09,22008,2544,0020800662,"Jan 27, 2009",CLE vs. SAC,W,38,5,10,0.5,0,2,0.0,13,15,0.867,5,10,15,11,0,3,2,1,23,6,0,2009-01-27,43,43,2009-01-27
2008-09,22008,2544,0020800679,"Jan 29, 2009",CLE @ ORL,L,38,10,27,0.37,0,2,0.0,3,6,0.5,1,7,8,8,1,1,2,1,23,-9,0,2009-01-29,44,44,2009-01-29
2008-09,22008,2544,0020800686,"Jan 30, 2009",CLE vs. LAC,W,37,9,17,0.529,2,4,0.5,5,6,0.833,0,7,7,6,3,1,3,2,25,32,0,2009-01-30,45,45,2009-01-30
2008-09,22008,2544,0020800704,"Feb 01, 2009",CLE @ DET,W,39,12,25,0.48,3,8,0.375,6,11,0.545,4,0,4,8,1,1,5,3,33,-8,0,2009-02-01,46,46,2009-02-01
2008-09,22008,2544,0020800714,"Feb 03, 2009",CLE vs. TOR,W,38,9,20,0.45,2,5,0.4,13,13,1.0,1,6,7,4,1,2,3,3,33,23,0,2009-02-03,47,47,2009-02-03
2008-09,22008,2544,0020800724,"Feb 04, 2009",CLE @ NYK,W,44,17,33,0.515,2,7,0.286,16,19,0.842,0,9,9,11,0,2,3,1,52,7,0,2009-02-04,48,48,2009-02-04
2008-09,22008,2544,0020800751,"Feb 08, 2009",CLE vs. LAL,L,40,5,20,0.25,2,8,0.25,4,8,0.5,3,5,8,12,0,0,1,1,16,-12,0,2009-02-08,49,49,2009-02-08
2008-09,22008,2544,0020800765,"Feb 10, 2009",CLE @ IND,L,41,15,21,0.714,4,7,0.571,13,14,0.929,0,7,7,4,1,1,7,1,47,7,0,2009-02-10,50,50,2009-02-10
2008-09,22008,2544,0020800774,"Feb 11, 2009",CLE vs. PHX,W,33,9,18,0.5,1,5,0.2,7,8,0.875,2,4,6,6,2,1,3,1,26,22,0,2009-02-11,51,51,2009-02-11
2008-09,22008,2544,0020800799,"Feb 18, 2009",CLE @ TOR,W,33,9,17,0.529,0,3,0.0,2,2,1.0,1,8,9,9,1,1,5,1,20,20,0,2009-02-18,52,52,2009-02-18
2008-09,22008,2544,0020800818,"Feb 20, 2009",CLE @ MIL,W,40,16,29,0.552,8,11,0.727,15,22,0.682,1,4,5,9,0,0,6,3,55,13,0,2009-02-20,53,53,2009-02-20
2008-09,22008,2544,0020800835,"Feb 22, 2009",CLE vs. DET,W,31,6,13,0.462,0,3,0.0,8,10,0.8,0,5,5,9,2,1,0,0,20,22,0,2009-02-22,54,54,2009-02-22
2008-09,22008,2544,0020800842,"Feb 24, 2009",CLE vs. MEM,W,30,4,10,0.4,1,2,0.5,6,8,0.75,0,5,5,8,0,1,2,1,15,13,0,2009-02-24,55,55,2009-02-24
2008-09,22008,2544,0020800861,"Feb 26, 2009",CLE @ HOU,L,34,7,21,0.333,2,5,0.4,5,6,0.833,0,1,1,0,1,2,3,4,21,-14,0,2009-02-26,56,56,2009-02-26
2008-09,22008,2544,0020800873,"Feb 27, 2009",CLE @ SAS,W,32,12,23,0.522,3,6,0.5,3,3,1.0,4,10,14,4,2,0,1,2,30,29,0,2009-02-27,57,57,2009-02-27
2008-09,22008,2544,0020800885,"Mar 01, 2009",CLE @ ATL,W,44,8,20,0.4,2,7,0.286,8,14,0.571,1,5,6,11,1,2,0,3,26,4,0,2009-03-01,58,58,2009-03-01
2008-09,22008,2544,0020800894,"Mar 02, 2009",CLE @ MIA,W,44,13,21,0.619,6,7,0.857,10,10,1.0,1,7,8,4,1,1,6,4,42,8,0,2009-03-02,59,59,2009-03-02
2008-09,22008,2544,0020800905,"Mar 04, 2009",CLE vs. MIL,W,33,7,11,0.636,4,5,0.8,5,7,0.714,1,7,8,4,1,0,3,2,23,24,0,2009-03-04,60,60,2009-03-04
2008-09,22008,2544,0020800920,"Mar 06, 2009",CLE @ BOS,L,38,5,15,0.333,2,5,0.4,9,12,0.75,0,6,6,5,1,0,4,1,21,-1,0,2009-03-06,61,61,2009-03-06
2008-09,22008,2544,0020800928,"Mar 07, 2009",CLE vs. MIA,W,43,5,15,0.333,0,3,0.0,4,7,0.571,2,8,10,12,1,1,2,0,14,10,0,2009-03-07,62,62,2009-03-07
2008-09,22008,2544,0020800954,"Mar 10, 2009",CLE @ LAC,W,44,10,23,0.435,0,6,0.0,12,16,0.75,4,9,13,11,2,2,4,2,32,7,0,2009-03-10,63,63,2009-03-10
2008-09,22008,2544,0020800967,"Mar 12, 2009",CLE @ PHX,W,43,10,24,0.417,3,8,0.375,11,13,0.846,6,4,10,13,3,3,3,0,34,7,0,2009-03-12,64,64,2009-03-12
2008-09,22008,2544,0020800977,"Mar 13, 2009",CLE @ SAC,W,47,16,30,0.533,4,11,0.364,15,17,0.882,0,4,4,9,2,3,3,2,51,6,0,2009-03-13,65,65,2009-03-13
2008-09,22008,2544,0020800986,"Mar 15, 2009",CLE vs. NYK,W,40,9,17,0.529,0,3,0.0,1,3,0.333,1,7,8,10,4,3,3,1,19,-1,0,2009-03-15,66,66,2009-03-15
2008-09,22008,2544,0020801002,"Mar 17, 2009",CLE vs. ORL,W,43,15,27,0.556,4,7,0.571,9,10,0.9,2,10,12,8,4,1,6,1,43,5,0,2009-03-17,67,67,2009-03-17
2008-09,22008,2544,0020801021,"Mar 19, 2009",CLE vs. POR,W,47,10,22,0.455,0,3,0.0,6,11,0.545,0,11,11,10,1,2,0,4,26,-1,0,2009-03-19,68,68,2009-03-19
2008-09,22008,2544,0020801034,"Mar 21, 2009",CLE vs. ATL,W,40,9,21,0.429,1,4,0.25,3,5,0.6,1,6,7,5,3,1,2,2,22,10,0,2009-03-21,69,69,2009-03-21
2008-09,22008,2544,0020801045,"Mar 22, 2009",CLE @ NJN,W,39,9,17,0.529,1,4,0.25,11,15,0.733,2,9,11,8,1,0,1,0,30,14,0,2009-03-22,70,70,2009-03-22
2008-09,22008,2544,0020801060,"Mar 25, 2009",CLE vs. NJN,W,39,7,14,0.5,1,1,1.0,7,7,1.0,1,7,8,11,1,0,1,0,22,19,0,2009-03-25,71,71,2009-03-25
2008-09,22008,2544,0020801077,"Mar 27, 2009",CLE vs. MIN,W,34,8,14,0.571,2,3,0.667,7,10,0.7,2,10,12,7,0,0,5,0,25,25,0,2009-03-27,72,72,2009-03-27
2008-09,22008,2544,0020801091,"Mar 29, 2009",CLE vs. DAL,W,31,9,22,0.409,2,4,0.5,4,5,0.8,1,5,6,12,1,2,0,0,24,15,0,2009-03-29,73,73,2009-03-29
2008-09,22008,2544,0020801105,"Mar 31, 2009",CLE vs. DET,W,41,9,24,0.375,0,2,0.0,7,8,0.875,1,11,12,3,3,1,1,0,25,10,0,2009-03-31,74,74,2009-03-31
2008-09,22008,2544,0020801123,"Apr 02, 2009",CLE @ WAS,L,38,11,18,0.611,4,8,0.5,5,7,0.714,1,8,9,6,0,0,6,1,31,-13,0,2009-04-02,75,75,2009-04-02
2008-09,22008,2544,0020801130,"Apr 03, 2009",CLE @ ORL,L,32,7,20,0.35,2,5,0.4,10,10,1.0,1,8,9,5,1,0,2,1,26,-26,0,2009-04-03,76,76,2009-04-03
2008-09,22008,2544,0020801142,"Apr 05, 2009",CLE vs. SAS,W,37,14,21,0.667,2,5,0.4,8,8,1.0,0,7,7,6,1,0,2,1,38,7,0,2009-04-05,77,77,2009-04-05
2008-09,22008,2544,0020801162,"Apr 08, 2009",CLE vs. WAS,W,31,7,15,0.467,0,2,0.0,7,8,0.875,0,6,6,7,3,0,2,1,21,25,0,2009-04-08,78,78,2009-04-08
2008-09,22008,2544,0020801177,"Apr 10, 2009",CLE @ PHI,W,37,8,17,0.471,1,4,0.25,10,12,0.833,0,2,2,10,0,1,1,4,27,8,0,2009-04-10,79,79,2009-04-10
2008-09,22008,2544,0020801197,"Apr 12, 2009",CLE vs. BOS,W,30,9,14,0.643,5,8,0.625,6,6,1.0,0,4,4,7,1,1,5,1,29,21,0,2009-04-12,80,80,2009-04-12
2008-09,22008,2544,0020801202,"Apr 13, 2009",CLE @ IND,W,39,12,23,0.522,2,7,0.286,11,14,0.786,0,5,5,5,1,0,5,1,37,8,0,2009-04-13,81,81,2009-04-13
2009-10,22009,2544,0020900001,"Oct 27, 2009",CLE vs. BOS,L,45,12,22,0.545,4,9,0.444,10,13,0.769,0,4,4,8,2,4,5,4,38,0,0,2009-10-27,1,1,2009-10-27
2009-10,22009,2544,0020900007,"Oct 28, 2009",CLE @ TOR,L,40,7,19,0.368,1,5,0.2,8,14,0.571,2,9,11,12,2,0,4,1,23,2,0,2009-10-28,2,2,2009-10-28
2009-10,22009,2544,0020900026,"Oct 30, 2009",CLE @ MIN,W,33,10,18,0.556,2,3,0.667,2,3,0.667,2,7,9,6,1,1,2,1,24,17,0,2009-10-30,3,3,2009-10-30
2009-10,22009,2544,0020900033,"Oct 31, 2009",CLE vs. CHA,W,37,5,11,0.455,0,1,0.0,4,6,0.667,1,6,7,9,0,0,4,1,14,19,0,2009-10-31,4,4,2009-10-31
2009-10,22009,2544,0020900051,"Nov 03, 2009",CLE vs. WAS,W,36,7,16,0.438,2,7,0.286,11,13,0.846,3,5,8,6,3,0,4,0,27,5,0,2009-11-03,5,5,2009-11-03
2009-10,22009,2544,0020900070,"Nov 05, 2009",CLE vs. CHI,L,38,9,17,0.529,1,4,0.25,6,9,0.667,0,7,7,6,1,1,3,0,25,-1,0,2009-11-05,6,6,2009-11-05
2009-10,22009,2544,0020900080,"Nov 06, 2009",CLE @ NYK,W,36,12,17,0.706,2,4,0.5,7,9,0.778,0,8,8,9,3,0,7,3,33,8,0,2009-11-06,7,7,2009-11-06
2009-10,22009,2544,0020900117,"Nov 11, 2009",CLE @ ORL,W,39,13,23,0.565,2,3,0.667,8,9,0.889,2,6,8,4,1,0,4,2,36,7,0,2009-11-11,8,8,2009-11-11
2009-10,22009,2544,0020900122,"Nov 12, 2009",CLE @ MIA,W,39,8,20,0.4,2,4,0.5,16,18,0.889,1,3,4,7,2,1,2,2,34,6,0,2009-11-12,9,9,2009-11-12
2009-10,22009,2544,0020900137,"Nov 14, 2009",CLE vs. UTA,W,38,6,15,0.4,0,3,0.0,9,12,0.75,0,6,6,9,2,1,2,1,21,6,0,2009-11-14,10,10,2009-11-14
2009-10,22009,2544,0020900150,"Nov 17, 2009",CLE vs. GSW,W,39,11,19,0.579,1,5,0.2,8,10,0.8,0,5,5,12,1,2,2,2,31,8,0,2009-11-17,11,11,2009-11-17
2009-10,22009,2544,0020900162,"Nov 18, 2009",CLE @ WAS,L,35,12,20,0.6,3,7,0.429,7,8,0.875,0,2,2,9,2,0,6,4,34,-12,0,2009-11-18,12,12,2009-11-18
2009-10,22009,2544,0020900173,"Nov 20, 2009",CLE @ IND,W,38,13,25,0.52,1,3,0.333,13,14,0.929,2,7,9,7,1,1,2,1,40,4,0,2009-11-20,13,13,2009-11-20
2009-10,22009,2544,0020900184,"Nov 21, 2009",CLE vs. PHI,W,39,13,20,0.65,2,4,0.5,4,6,0.667,0,7,7,9,0,0,5,3,32,11,0,2009-11-21,14,14,2009-11-21
2009-10,22009,2544,0020900212,"Nov 25, 2009",CLE @ DET,W,39,12,24,0.5,1,4,0.25,9,11,0.818,1,7,8,7,1,0,5,2,34,12,0,2009-11-25,15,15,2009-11-25
2009-10,22009,2544,0020900222,"Nov 27, 2009",CLE @ CHA,L,38,10,19,0.526,2,7,0.286,3,4,0.75,0,6,6,4,0,0,6,4,25,3,0,2009-11-27,16,16,2009-11-27
2009-10,22009,2544,0020900235,"Nov 28, 2009",CLE vs. DAL,W,36,10,20,0.5,0,2,0.0,5,7,0.714,0,5,5,12,0,0,1,2,25,8,0,2009-11-28,17,17,2009-11-28
2009-10,22009,2544,0020900260,"Dec 02, 2009",CLE vs. PHX,W,35,6,15,0.4,0,3,0.0,0,0,0.0,1,7,8,10,1,1,3,0,12,19,0,2009-12-02,18,18,2009-12-02
2009-10,22009,2544,0020900274,"Dec 04, 2009",CLE vs. CHI,W,34,8,17,0.471,1,3,0.333,6,10,0.6,0,6,6,11,0,0,1,1,23,19,0,2009-12-04,19,19,2009-12-04
2009-10,22009,2544,0020900292,"Dec 06, 2009",CLE @ MIL,W,32,4,10,0.4,0,0,0.0,6,7,0.857,1,4,5,10,1,1,5,2,14,8,0,2009-12-06,20,20,2009-12-06
2009-10,22009,2544,0020900304,"Dec 08, 2009",CLE @ MEM,L,45,14,29,0.483,4,11,0.364,11,12,0.917,4,9,13,6,0,1,5,2,43,6,0,2009-12-08,21,21,2009-12-08
2009-10,22009,2544,0020900314,"Dec 09, 2009",CLE @ HOU,L,40,8,21,0.381,2,4,0.5,9,10,0.9,1,5,6,7,1,1,5,2,27,-13,0,2009-12-09,22,22,2009-12-09
2009-10,22009,2544,0020900325,"Dec 11, 2009",CLE vs. POR,W,38,14,24,0.583,1,2,0.5,4,6,0.667,1,6,7,7,1,2,4,1,33,8,0,2009-12-11,23,23,2009-12-11
2009-10,22009,2544,0020900342,"Dec 13, 2009",CLE @ OKC,W,39,16,29,0.552,5,8,0.625,7,10,0.7,0,7,7,6,4,1,1,1,44,13,0,2009-12-13,24,24,2009-12-13
2009-10,22009,2544,0020900352,"Dec 15, 2009",CLE vs. NJN,W,40,9,19,0.474,1,5,0.2,4,6,0.667,1,5,6,7,2,0,6,3,23,7,0,2009-12-15,25,25,2009-12-15
2009-10,22009,2544,0020900361,"Dec 16, 2009",CLE @ PHI,W,40,12,26,0.462,3,6,0.5,9,11,0.818,1,5,6,7,3,1,3,2,36,10,0,2009-12-16,26,26,2009-12-16
2009-10,22009,2544,0020900376,"Dec 18, 2009",CLE vs. MIL,W,38,6,13,0.462,2,4,0.5,12,14,0.857,1,9,10,8,0,3,6,1,26,3,0,2009-12-18,27,27,2009-12-18
2009-10,22009,2544,0020900398,"Dec 20, 2009",CLE @ DAL,L,43,9,23,0.391,2,6,0.333,5,7,0.714,0,3,3,6,2,2,2,3,25,-5,0,2009-12-20,28,28,2009-12-20
2009-10,22009,2544,0020900404,"Dec 21, 2009",CLE @ PHX,W,38,11,21,0.524,1,3,0.333,6,6,1.0,1,5,6,4,2,0,3,3,29,26,0,2009-12-21,29,29,2009-12-21
2009-10,22009,2544,0020900423,"Dec 23, 2009",CLE @ SAC,W,44,14,30,0.467,1,4,0.25,5,7,0.714,4,12,16,10,0,0,2,1,34,26,0,2009-12-23,30,30,2009-12-23
2009-10,22009,2544,0020900426,"Dec 25, 2009",CLE @ LAL,W,41,9,19,0.474,2,7,0.286,6,11,0.545,0,4,4,9,2,1,7,3,26,8,0,2009-12-25,31,31,2009-12-25
2009-10,22009,2544,0020900440,"Dec 27, 2009",CLE vs. HOU,W,29,12,20,0.6,2,5,0.4,3,4,0.75,2,3,5,6,3,1,1,0,29,16,0,2009-12-27,32,32,2009-12-27
2009-10,22009,2544,0020900452,"Dec 29, 2009",CLE @ ATL,W,40,6,20,0.3,0,5,0.0,2,3,0.667,1,7,8,10,5,1,4,2,14,6,0,2009-12-29,33,33,2009-12-29
2009-10,22009,2544,0020900459,"Dec 30, 2009",CLE vs. ATL,W,43,15,23,0.652,4,6,0.667,14,16,0.875,3,7,10,6,2,2,3,3,48,7,0,2009-12-30,34,34,2009-12-30
2009-10,22009,2544,0020900477,"Jan 02, 2010",CLE @ NJN,W,36,7,16,0.438,1,4,0.25,13,15,0.867,1,8,9,7,1,2,1,0,28,10,0,2010-01-02,35,35,2010-01-02
2009-10,22009,2544,0020900489,"Jan 03, 2010",CLE vs. CHA,L,43,13,21,0.619,2,6,0.333,1,2,0.5,0,7,7,6,1,1,1,3,29,-2,0,2010-01-03,36,36,2010-01-03
2009-10,22009,2544,0020900508,"Jan 06, 2010",CLE vs. WAS,W,31,7,12,0.583,1,4,0.25,8,11,0.727,2,5,7,8,1,2,1,0,23,16,0,2010-01-06,37,37,2010-01-06
2009-10,22009,2544,0020900528,"Jan 08, 2010",CLE @ DEN,L,41,12,28,0.429,2,8,0.25,9,13,0.692,2,4,6,7,1,0,8,1,35,6,0,2010-01-08,38,38,2010-01-08
2009-10,22009,2544,0020900542,"Jan 10, 2010",CLE @ POR,W,45,13,19,0.684,3,4,0.75,12,14,0.857,0,10,10,8,0,1,3,1,41,16,0,2010-01-10,39,39,2010-01-10
2009-10,22009,2544,0020900552,"Jan 11, 2010",CLE @ GSW,W,42,12,23,0.522,1,4,0.25,12,14,0.857,1,7,8,11,2,4,2,1,37,12,0,2010-01-11,40,40,2010-01-11
2009-10,22009,2544,0020900570,"Jan 14, 2010",CLE @ UTA,L,40,12,20,0.6,4,6,0.667,8,12,0.667,1,8,9,6,5,1,5,1,36,7,0,2010-01-14,41,41,2010-01-14
2009-10,22009,2544,0020900591,"Jan 16, 2010",CLE @ LAC,W,39,12,20,0.6,3,6,0.5,5,7,0.714,2,2,4,4,2,1,5,3,32,-1,0,2010-01-16,42,42,2010-01-16
2009-10,22009,2544,0020900606,"Jan 19, 2010",CLE vs. TOR,W,41,8,18,0.444,0,7,0.0,12,14,0.857,0,9,9,11,3,3,3,1,28,12,0,2010-01-19,43,43,2010-01-19
2009-10,22009,2544,0020900621,"Jan 21, 2010",CLE vs. LAL,W,40,13,25,0.52,1,9,0.111,10,13,0.769,0,5,5,9,2,1,4,3,37,5,0,2010-01-21,44,44,2010-01-21
2009-10,22009,2544,0020900638,"Jan 23, 2010",CLE vs. OKC,W,43,9,19,0.474,6,10,0.6,13,19,0.684,0,9,9,12,1,1,6,2,37,-1,0,2010-01-23,45,45,2010-01-23
2009-10,22009,2544,0020900651,"Jan 25, 2010",CLE @ MIA,W,39,9,23,0.391,2,9,0.222,12,17,0.706,0,9,9,4,1,0,4,3,32,1,0,2010-01-25,46,46,2010-01-25
2009-10,22009,2544,0020900663,"Jan 27, 2010",CLE vs. MIN,W,31,3,8,0.375,1,3,0.333,5,6,0.833,0,6,6,11,1,1,3,1,12,16,0,2010-01-27,47,47,2010-01-27
2009-10,22009,2544,0020900677,"Jan 29, 2010",CLE @ IND,W,36,6,18,0.333,0,4,0.0,10,17,0.588,0,9,9,13,2,4,5,2,22,22,0,2010-01-29,48,48,2010-01-29
2009-10,22009,2544,0020900697,"Jan 31, 2010",CLE vs. LAC,W,40,10,20,0.5,5,6,0.833,7,8,0.875,1,2,3,11,1,0,1,1,32,15,0,2010-01-31,49,49,2010-01-31
2009-10,22009,2544,0020900711,"Feb 02, 2010",CLE vs. MEM,W,37,7,14,0.5,1,4,0.25,7,7,1.0,1,5,6,15,1,1,4,2,22,19,0,2010-02-02,50,50,2010-02-02
2009-10,22009,2544,0020900729,"Feb 04, 2010",CLE vs. MIA,W,40,9,16,0.563,1,4,0.25,17,21,0.81,2,5,7,8,2,0,4,1,36,20,0,2010-02-04,51,51,2010-02-04
2009-10,22009,2544,0020900743,"Feb 06, 2010",CLE vs. NYK,W,44,17,31,0.548,6,12,0.5,7,7,1.0,1,7,8,8,5,0,5,2,47,4,0,2010-02-06,52,52,2010-02-06
2009-10,22009,2544,0020900759,"Feb 09, 2010",CLE vs. NJN,W,42,13,21,0.619,1,4,0.25,5,9,0.556,0,3,3,11,1,0,3,0,32,-2,0,2010-02-09,53,53,2010-02-09
2009-10,22009,2544,0020900779,"Feb 11, 2010",CLE vs. ORL,W,45,10,21,0.476,2,6,0.333,10,12,0.833,1,7,8,13,2,0,3,2,32,16,0,2010-02-11,54,54,2010-02-11
2009-10,22009,2544,0020900802,"Feb 18, 2010",CLE vs. DEN,L,47,15,33,0.455,1,9,0.111,12,17,0.706,1,12,13,15,2,4,3,1,43,-5,0,2010-02-18,55,55,2010-02-18
2009-10,22009,2544,0020900804,"Feb 19, 2010",CLE @ CHA,L,36,6,14,0.429,2,6,0.333,8,10,0.8,1,2,3,9,4,0,2,2,22,-2,0,2010-02-19,56,56,2010-02-19
2009-10,22009,2544,0020900823,"Feb 21, 2010",CLE @ ORL,L,39,12,25,0.48,1,6,0.167,8,12,0.667,0,9,9,6,2,1,5,0,33,-9,0,2010-02-21,57,57,2010-02-21
2009-10,22009,2544,0020900837,"Feb 23, 2010",CLE vs. NOH,W,44,7,16,0.438,2,6,0.333,4,4,1.0,1,4,5,13,2,0,0,0,20,17,0,2010-02-23,58,58,2010-02-23
2009-10,22009,2544,0020900857,"Feb 25, 2010",CLE @ BOS,W,36,11,23,0.478,3,6,0.5,11,15,0.733,1,6,7,9,0,0,2,2,36,9,0,2010-02-25,59,59,2010-02-25
2009-10,22009,2544,0020900859,"Feb 26, 2010",CLE @ TOR,W,44,10,17,0.588,1,4,0.25,15,16,0.938,0,6,6,9,2,0,1,2,36,8,0,2010-02-26,60,60,2010-02-26
2009-10,22009,2544,0020900887,"Mar 01, 2010",CLE vs. NYK,W,31,9,17,0.529,1,4,0.25,3,5,0.6,0,7,7,7,2,2,3,0,22,39,0,2010-03-01,61,61,2010-03-01
2009-10,22009,2544,0020900902,"Mar 03, 2010",CLE @ NJN,W,41,10,18,0.556,0,4,0.0,6,7,0.857,2,5,7,14,3,1,3,1,26,18,0,2010-03-03,62,62,2010-03-03
2009-10,22009,2544,0020900915,"Mar 05, 2010",CLE vs. DET,W,42,16,27,0.593,3,7,0.429,5,6,0.833,2,11,13,6,3,2,4,1,40,12,0,2010-03-05,63,63,2010-03-05
2009-10,22009,2544,0020900965,"Mar 12, 2010",CLE @ PHI,W,42,7,18,0.389,3,10,0.3,6,12,0.5,0,6,6,10,1,3,1,2,23,2,0,2010-03-12,64,66,2010-03-12
2009-10,22009,2544,0020900984,"Mar 14, 2010",CLE vs. BOS,W,39,9,21,0.429,1,3,0.333,11,16,0.688,3,5,8,7,2,3,2,2,30,3,0,2010-03-14,65,67,2010-03-14
2009-10,22009,2544,0020900998,"Mar 16, 2010",CLE @ DET,W,43,10,22,0.455,1,3,0.333,8,11,0.727,2,10,12,12,1,1,4,0,29,13,0,2010-03-16,66,68,2010-03-16
2009-10,22009,2544,0020901006,"Mar 17, 2010",CLE vs. IND,W,39,11,24,0.458,2,4,0.5,8,10,0.8,1,8,9,9,3,2,6,2,32,14,0,2010-03-17,67,69,2010-03-17
2009-10,22009,2544,0020901022,"Mar 19, 2010",CLE @ CHI,W,38,9,21,0.429,0,3,0.0,11,12,0.917,1,10,11,7,2,2,5,1,29,5,0,2010-03-19,68,70,2010-03-19
2009-10,22009,2544,0020901040,"Mar 21, 2010",CLE vs. DET,W,31,5,9,0.556,2,3,0.667,3,3,1.0,0,3,3,7,0,1,0,0,15,17,0,2010-03-21,69,71,2010-03-21
2009-10,22009,2544,0020901064,"Mar 24, 2010",CLE @ NOH,W,41,15,22,0.682,1,5,0.2,7,8,0.875,2,4,6,9,1,0,3,2,38,9,0,2010-03-24,70,72,2010-03-24
2009-10,22009,2544,0020901080,"Mar 26, 2010",CLE @ SAS,L,39,11,21,0.524,1,6,0.167,4,7,0.571,0,5,5,10,2,0,5,2,27,-5,0,2010-03-26,71,73,2010-03-26
2009-10,22009,2544,0020901087,"Mar 28, 2010",CLE vs. SAC,W,39,13,22,0.591,3,6,0.5,5,6,0.833,1,6,7,8,3,0,3,2,34,8,0,2010-03-28,72,74,2010-03-28
2009-10,22009,2544,0020901109,"Mar 31, 2010",CLE vs. MIL,W,39,7,17,0.412,0,1,0.0,9,13,0.692,1,8,9,7,1,1,4,2,23,10,0,2010-03-31,73,75,2010-03-31
2009-10,22009,2544,0020901126,"Apr 02, 2010",CLE vs. ATL,W,38,11,20,0.55,1,3,0.333,4,7,0.571,0,13,13,6,2,0,2,1,27,11,0,2010-04-02,74,76,2010-04-02
2009-10,22009,2544,0020901141,"Apr 04, 2010",CLE @ BOS,L,45,14,31,0.452,0,9,0.0,14,22,0.636,1,6,7,9,1,1,3,0,42,-1,0,2010-04-04,75,77,2010-04-04
2009-10,22009,2544,0020901150,"Apr 06, 2010",CLE vs. TOR,W,36,5,13,0.385,0,2,0.0,9,10,0.9,0,6,6,13,0,1,4,1,19,19,0,2010-04-06,76,78,2010-04-06
2010-11,22010,2544,0021000001,"Oct 26, 2010",MIA @ BOS,L,43,10,21,0.476,3,6,0.5,8,12,0.667,0,4,4,3,1,2,8,1,31,1,0,2010-10-26,1,1,2010-10-26
2010-11,22010,2544,0021000006,"Oct 27, 2010",MIA @ PHI,W,38,5,12,0.417,0,2,0.0,6,6,1.0,0,6,6,7,2,1,9,1,16,6,0,2010-10-27,2,2,2010-10-27
2010-11,22010,2544,0021000025,"Oct 29, 2010",MIA vs. ORL,W,30,6,13,0.462,2,3,0.667,1,2,0.5,0,6,6,7,0,0,3,4,15,13,0,2010-10-29,3,3,2010-10-29
2010-11,22010,2544,0021000040,"Oct 31, 2010",MIA @ NJN,W,29,5,12,0.417,0,4,0.0,10,12,0.833,0,7,7,7,2,0,5,3,20,18,0,2010-10-31,4,4,2010-10-31
2010-11,22010,2544,0021000050,"Nov 02, 2010",MIA vs. MIN,W,32,7,12,0.583,0,2,0.0,6,8,0.75,0,0,0,12,2,1,1,0,20,32,0,2010-11-02,5,5,2010-11-02
2010-11,22010,2544,0021000075,"Nov 05, 2010",MIA @ NOH,L,41,6,16,0.375,1,2,0.5,7,8,0.875,0,7,7,10,3,1,3,0,20,-6,0,2010-11-05,6,6,2010-11-05
2010-11,22010,2544,0021000082,"Nov 06, 2010",MIA vs. NJN,W,34,9,16,0.563,2,4,0.5,3,5,0.6,0,3,3,9,2,0,4,1,23,11,0,2010-11-06,7,7,2010-11-06
2010-11,22010,2544,0021000103,"Nov 09, 2010",MIA vs. UTA,L,47,5,18,0.278,0,1,0.0,10,11,0.909,2,9,11,14,1,3,2,3,20,4,0,2010-11-09,8,8,2010-11-09
2010-11,22010,2544,0021000118,"Nov 11, 2010",MIA vs. BOS,L,44,9,21,0.429,0,5,0.0,17,22,0.773,0,10,10,9,3,0,4,3,35,0,0,2010-11-11,9,9,2010-11-11
2010-11,22010,2544,0021000133,"Nov 13, 2010",MIA vs. TOR,W,39,8,21,0.381,0,1,0.0,7,11,0.636,1,1,2,11,2,0,3,0,23,11,0,2010-11-13,10,10,2010-11-13
2010-11,22010,2544,0021000158,"Nov 17, 2010",MIA vs. PHX,W,23,9,15,0.6,0,2,0.0,2,3,0.667,3,5,8,9,3,0,3,5,20,24,0,2010-11-17,11,11,2010-11-17
2010-11,22010,2544,0021000175,"Nov 19, 2010",MIA vs. CHA,W,39,12,25,0.48,2,5,0.4,6,7,0.857,0,2,2,5,2,0,4,1,32,4,0,2010-11-19,12,12,2010-11-19
2010-11,22010,2544,0021000185,"Nov 20, 2010",MIA @ MEM,L,42,11,23,0.478,2,4,0.5,5,6,0.833,0,3,3,11,1,0,4,2,29,-1,0,2010-11-20,13,13,2010-11-20
2010-11,22010,2544,0021000196,"Nov 22, 2010",MIA vs. IND,L,42,6,14,0.429,2,8,0.25,11,15,0.733,0,5,5,6,1,0,6,3,25,-1,0,2010-11-22,14,14,2010-11-22
2010-11,22010,2544,0021000213,"Nov 24, 2010",MIA @ ORL,L,41,9,18,0.5,1,3,0.333,6,8,0.75,1,5,6,4,1,0,3,3,25,-15,0,2010-11-24,15,15,2010-11-24
2010-11,22010,2544,0021000226,"Nov 26, 2010",MIA vs. PHI,W,41,5,15,0.333,1,5,0.2,9,11,0.818,1,7,8,6,2,1,2,1,20,11,0,2010-11-26,16,16,2010-11-26
2010-11,22010,2544,0021000239,"Nov 27, 2010",MIA @ DAL,L,36,5,19,0.263,0,4,0.0,13,15,0.867,2,6,8,4,1,0,5,3,23,-14,0,2010-11-27,17,17,2010-11-27
2010-11,22010,2544,0021000250,"Nov 29, 2010",MIA vs. WAS,W,38,10,18,0.556,1,1,1.0,9,11,0.818,1,5,6,5,1,1,7,3,30,3,0,2010-11-29,18,18,2010-11-29
2010-11,22010,2544,0021000265,"Dec 01, 2010",MIA vs. DET,W,31,8,15,0.533,1,1,1.0,1,2,0.5,2,4,6,3,1,0,4,0,18,17,0,2010-12-01,19,19,2010-12-01
2010-11,22010,2544,0021000273,"Dec 02, 2010",MIA @ CLE,W,30,15,25,0.6,2,7,0.286,6,9,0.667,0,5,5,8,1,1,0,1,38,26,0,2010-12-02,20,20,2010-12-02
2010-11,22010,2544,0021000288,"Dec 04, 2010",MIA vs. ATL,W,37,5,11,0.455,1,1,1.0,11,13,0.846,0,7,7,4,1,1,2,1,22,5,0,2010-12-04,21,21,2010-12-04
2010-11,22010,2544,0021000306,"Dec 06, 2010",MIA @ MIL,W,39,7,16,0.438,1,3,0.333,2,4,0.5,0,6,6,6,1,1,1,5,17,17,0,2010-12-06,22,22,2010-12-06
2010-11,22010,2544,0021000324,"Dec 08, 2010",MIA @ UTA,W,39,12,20,0.6,3,5,0.6,6,7,0.857,1,6,7,9,0,0,2,4,33,0,0,2010-12-08,23,23,2010-12-08
2010-11,22010,2544,0021000340,"Dec 10, 2010",MIA @ GSW,W,31,10,18,0.556,3,4,0.75,2,3,0.667,0,7,7,9,1,1,4,1,25,22,0,2010-12-10,24,24,2010-12-10
2010-11,22010,2544,0021000348,"Dec 11, 2010",MIA @ SAC,W,35,10,19,0.526,2,3,0.667,3,5,0.6,1,9,10,3,2,0,3,1,25,15,0,2010-12-11,25,25,2010-12-11
2010-11,22010,2544,0021000355,"Dec 13, 2010",MIA vs. NOH,W,40,6,16,0.375,0,3,0.0,8,10,0.8,1,3,4,7,0,0,5,2,20,11,0,2010-12-13,26,26,2010-12-13
2010-11,22010,2544,0021000371,"Dec 15, 2010",MIA vs. CLE,W,39,5,15,0.333,0,4,0.0,11,18,0.611,2,11,13,5,1,0,4,1,21,0,0,2010-12-15,27,27,2010-12-15
2010-11,22010,2544,0021000382,"Dec 17, 2010",MIA @ NYK,W,38,14,23,0.609,3,6,0.5,1,3,0.333,1,10,11,10,1,0,5,1,32,31,0,2010-12-17,28,28,2010-12-17
2010-11,22010,2544,0021000393,"Dec 18, 2010",MIA @ WAS,W,41,9,19,0.474,3,7,0.429,11,12,0.917,1,6,7,6,1,0,4,3,32,6,0,2010-12-18,29,29,2010-12-18
2010-11,22010,2544,0021000410,"Dec 20, 2010",MIA vs. DAL,L,36,6,17,0.353,2,4,0.5,5,7,0.714,3,7,10,7,0,0,5,4,19,-20,0,2010-12-20,30,30,2010-12-20
2010-11,22010,2544,0021000432,"Dec 23, 2010",MIA @ PHX,W,37,13,22,0.591,2,5,0.4,8,8,1.0,1,5,6,4,3,0,5,5,36,4,0,2010-12-23,31,31,2010-12-23
2010-11,22010,2544,0021000435,"Dec 25, 2010",MIA @ LAL,W,38,8,14,0.571,5,6,0.833,6,6,1.0,1,10,11,10,4,0,1,2,27,15,0,2010-12-25,32,32,2010-12-25
2010-11,22010,2544,0021000457,"Dec 28, 2010",MIA vs. NYK,W,40,8,17,0.471,1,2,0.5,1,3,0.333,0,10,10,8,0,0,3,3,18,17,0,2010-12-28,33,33,2010-12-28
2010-11,22010,2544,0021000469,"Dec 29, 2010",MIA @ HOU,W,39,8,15,0.533,0,4,0.0,4,4,1.0,0,6,6,9,1,0,3,3,20,16,0,2010-12-29,34,34,2010-12-29
2010-11,22010,2544,0021000486,"Jan 01, 2011",MIA vs. GSW,W,42,7,15,0.467,0,3,0.0,11,17,0.647,2,5,7,10,1,1,3,1,25,6,0,2011-01-01,35,35,2011-01-01
2010-11,22010,2544,0021000499,"Jan 03, 2011",MIA @ CHA,W,37,15,26,0.577,2,4,0.5,6,6,1.0,0,9,9,5,1,0,3,3,38,20,0,2011-01-03,36,36,2011-01-03
2010-11,22010,2544,0021000505,"Jan 04, 2011",MIA vs. MIL,W,37,8,15,0.533,0,0,0.0,9,11,0.818,1,5,6,9,0,2,2,2,25,10,0,2011-01-04,37,37,2011-01-04
2010-11,22010,2544,0021000532,"Jan 07, 2011",MIA @ MIL,W,45,8,23,0.348,1,4,0.25,9,11,0.818,1,9,10,5,6,1,5,2,26,7,0,2011-01-07,38,38,2011-01-07
2010-11,22010,2544,0021000549,"Jan 09, 2011",MIA @ POR,W,46,17,26,0.654,3,5,0.6,7,10,0.7,3,10,13,6,2,0,6,4,44,5,0,2011-01-09,39,39,2011-01-09
2010-11,22010,2544,0021000572,"Jan 12, 2011",MIA @ LAC,L,40,11,24,0.458,3,6,0.5,2,5,0.4,2,6,8,6,0,0,3,1,27,-3,0,2011-01-12,40,40,2011-01-12
2010-11,22010,2544,0021000611,"Jan 18, 2011",MIA vs. ATL,L,44,11,30,0.367,2,10,0.2,10,11,0.909,2,8,10,7,2,0,6,3,34,-5,0,2011-01-18,41,43,2011-01-18
2010-11,22010,2544,0021000643,"Jan 22, 2011",MIA vs. TOR,W,38,14,29,0.483,1,3,0.333,9,14,0.643,1,10,11,6,2,1,1,2,38,13,0,2011-01-22,42,44,2011-01-22
2010-11,22010,2544,0021000678,"Jan 27, 2011",MIA @ NYK,L,43,7,24,0.292,0,2,0.0,10,12,0.833,2,9,11,5,2,2,4,3,24,5,0,2011-01-27,43,45,2011-01-27
2010-11,22010,2544,0021000686,"Jan 28, 2011",MIA vs. DET,W,44,15,25,0.6,2,4,0.5,7,10,0.7,0,8,8,9,1,2,3,1,39,4,0,2011-01-28,44,46,2011-01-28
2010-11,22010,2544,0021000701,"Jan 30, 2011",MIA @ OKC,W,40,7,14,0.5,2,5,0.4,7,11,0.636,0,4,4,13,4,3,4,3,23,6,0,2011-01-30,45,47,2011-01-30
2010-11,22010,2544,0021000710,"Jan 31, 2011",MIA vs. CLE,W,31,7,14,0.5,0,0,0.0,10,11,0.909,1,3,4,8,0,2,2,1,24,20,0,2011-01-31,46,48,2011-01-31
2010-11,22010,2544,0021000730,"Feb 03, 2011",MIA @ ORL,W,43,17,25,0.68,3,5,0.6,14,17,0.824,2,9,11,8,1,1,3,2,51,2,0,2011-02-03,47,49,2011-02-03
2010-11,22010,2544,0021000733,"Feb 04, 2011",MIA @ CHA,W,37,7,13,0.538,0,3,0.0,5,6,0.833,1,7,8,9,0,0,3,3,19,10,0,2011-02-04,48,50,2011-02-04
2010-11,22010,2544,0021000754,"Feb 06, 2011",MIA vs. LAC,W,36,6,15,0.4,0,2,0.0,0,2,0.0,1,5,6,4,4,0,6,2,12,15,0,2011-02-06,49,51,2011-02-06
2010-11,22010,2544,0021000769,"Feb 08, 2011",MIA vs. IND,W,42,15,23,0.652,2,5,0.4,9,13,0.692,3,10,13,8,3,1,4,1,41,18,0,2011-02-08,50,52,2011-02-08
2010-11,22010,2544,0021000792,"Feb 11, 2011",MIA @ DET,W,35,7,17,0.412,0,2,0.0,2,3,0.667,0,8,8,10,4,0,3,0,16,15,0,2011-02-11,51,53,2011-02-11
2010-11,22010,2544,0021000804,"Feb 13, 2011",MIA @ BOS,L,43,10,21,0.476,0,2,0.0,2,3,0.667,1,6,7,7,1,0,4,2,22,1,0,2011-02-13,52,54,2011-02-13
2010-11,22010,2544,0021000818,"Feb 15, 2011",MIA @ IND,W,41,11,20,0.55,1,3,0.333,4,6,0.667,1,5,6,5,2,2,5,1,27,9,0,2011-02-15,53,55,2011-02-15
2010-11,22010,2544,0021000825,"Feb 16, 2011",MIA @ TOR,W,38,8,18,0.444,0,2,0.0,7,10,0.7,3,10,13,8,0,0,5,1,23,6,0,2011-02-16,54,56,2011-02-16
2010-11,22010,2544,0021000841,"Feb 22, 2011",MIA vs. SAC,W,30,14,26,0.538,3,6,0.5,0,3,0.0,2,6,8,3,0,0,3,4,31,18,0,2011-02-22,55,57,2011-02-22
2010-11,22010,2544,0021000859,"Feb 24, 2011",MIA @ CHI,L,41,12,21,0.571,0,4,0.0,5,6,0.833,0,10,10,5,2,1,2,1,29,3,0,2011-02-24,56,58,2011-02-24
2010-11,22010,2544,0021000866,"Feb 25, 2011",MIA vs. WAS,W,43,5,11,0.455,0,1,0.0,15,19,0.789,1,8,9,7,1,3,1,2,25,-4,0,2011-02-25,57,59,2011-02-25
2010-11,22010,2544,0021000887,"Feb 27, 2011",MIA vs. NYK,L,39,10,20,0.5,1,5,0.2,6,8,0.75,0,7,7,5,3,1,5,2,27,-3,0,2011-02-27,58,60,2011-02-27
2010-11,22010,2544,0021000912,"Mar 03, 2011",MIA vs. ORL,L,40,11,16,0.688,0,2,0.0,7,7,1.0,2,4,6,4,0,2,2,2,29,0,0,2011-03-03,59,61,2011-03-03
2010-11,22010,2544,0021000923,"Mar 04, 2011",MIA @ SAS,L,36,11,19,0.579,1,3,0.333,3,7,0.429,3,5,8,7,1,0,4,2,26,-16,0,2011-03-04,60,62,2011-03-04
2010-11,22010,2544,0021000931,"Mar 06, 2011",MIA vs. CHI,L,42,10,18,0.556,1,2,0.5,5,6,0.833,3,5,8,6,2,0,2,2,26,-4,0,2011-03-06,61,63,2011-03-06
2010-11,22010,2544,0021000951,"Mar 08, 2011",MIA vs. POR,L,46,14,20,0.7,2,4,0.5,1,4,0.25,1,10,11,8,1,0,4,3,31,-2,0,2011-03-08,62,64,2011-03-08
2010-11,22010,2544,0021000964,"Mar 10, 2011",MIA vs. LAL,W,42,7,17,0.412,0,3,0.0,5,7,0.714,1,7,8,9,1,0,1,1,19,8,0,2011-03-10,63,65,2011-03-10
2010-11,22010,2544,0021000976,"Mar 12, 2011",MIA vs. MEM,W,32,10,16,0.625,2,4,0.5,5,6,0.833,1,4,5,5,1,2,3,1,27,17,0,2011-03-12,64,66,2011-03-12
2010-11,22010,2544,0021000993,"Mar 14, 2011",MIA vs. SAS,W,42,8,19,0.421,0,1,0.0,5,5,1.0,0,6,6,8,0,2,2,3,21,22,0,2011-03-14,65,67,2011-03-14
2010-11,22010,2544,0021001006,"Mar 16, 2011",MIA vs. OKC,L,39,8,21,0.381,0,3,0.0,3,3,1.0,0,8,8,3,1,1,1,0,19,-6,0,2011-03-16,66,68,2011-03-16
2010-11,22010,2544,0021001020,"Mar 18, 2011",MIA @ ATL,W,31,16,21,0.762,5,7,0.714,6,7,0.857,0,2,2,3,0,0,4,2,43,23,0,2011-03-18,67,69,2011-03-18
2010-11,22010,2544,0021001030,"Mar 19, 2011",MIA vs. DEN,W,41,15,25,0.6,1,4,0.25,2,2,1.0,0,6,6,2,2,0,5,3,33,16,0,2011-03-19,68,70,2011-03-19
2010-11,22010,2544,0021001058,"Mar 23, 2011",MIA @ DET,W,42,8,16,0.5,0,3,0.0,3,4,0.75,3,5,8,7,0,0,3,3,19,6,0,2011-03-23,69,71,2011-03-23
2010-11,22010,2544,0021001072,"Mar 25, 2011",MIA vs. PHI,W,41,11,17,0.647,1,4,0.25,9,9,1.0,2,8,10,2,3,1,4,3,32,17,0,2011-03-25,70,72,2011-03-25
2010-11,22010,2544,0021001089,"Mar 27, 2011",MIA vs. HOU,W,40,13,21,0.619,0,1,0.0,7,9,0.778,1,9,10,7,0,0,2,1,33,5,0,2011-03-27,71,73,2011-03-27
2010-11,22010,2544,0021001101,"Mar 29, 2011",MIA @ CLE,L,43,10,21,0.476,1,5,0.2,6,10,0.6,0,10,10,12,0,0,3,3,27,-9,0,2011-03-29,72,74,2011-03-29
2010-11,22010,2544,0021001110,"Mar 30, 2011",MIA @ WAS,W,44,12,16,0.75,1,3,0.333,10,13,0.769,1,7,8,8,5,0,5,3,35,20,0,2011-03-30,73,75,2011-03-30
2010-11,22010,2544,0021001126,"Apr 01, 2011",MIA @ MIN,W,43,11,20,0.55,0,1,0.0,5,7,0.714,2,4,6,10,3,1,3,2,27,15,0,2011-04-01,74,76,2011-04-01
2010-11,22010,2544,0021001142,"Apr 03, 2011",MIA @ NJN,W,39,13,18,0.722,0,2,0.0,5,8,0.625,2,9,11,7,3,0,7,2,31,13,0,2011-04-03,75,77,2011-04-03
2010-11,22010,2544,0021001164,"Apr 06, 2011",MIA vs. MIL,L,39,10,22,0.455,3,7,0.429,6,8,0.75,1,1,2,8,2,2,4,2,29,-10,0,2011-04-06,76,78,2011-04-06
2010-11,22010,2544,0021001182,"Apr 08, 2011",MIA vs. CHA,W,37,9,16,0.563,0,1,0.0,5,6,0.833,1,6,7,9,2,1,1,2,23,12,0,2011-04-08,77,79,2011-04-08
2010-11,22010,2544,0021001194,"Apr 10, 2011",MIA vs. BOS,W,37,11,19,0.579,0,2,0.0,5,9,0.556,0,5,5,7,4,1,4,1,27,24,0,2011-04-10,78,80,2011-04-10
2010-11,22010,2544,0021001202,"Apr 11, 2011",MIA @ ATL,W,43,10,21,0.476,2,4,0.5,12,14,0.857,1,9,10,7,3,0,7,1,34,7,0,2011-04-11,79,81,2011-04-11
2011-12,22011,2544,0021100002,"Dec 25, 2011",MIA @ DAL,W,36,11,19,0.579,0,0,0.0,15,19,0.789,3,7,10,6,2,2,3,3,37,27,0,2011-12-25,1,1,2011-12-25
2011-12,22011,2544,0021100019,"Dec 27, 2011",MIA vs. BOS,W,36,9,14,0.643,0,0,0.0,8,9,0.889,1,5,6,5,2,1,3,3,26,-7,0,2011-12-27,2,2,2011-12-27
2011-12,22011,2544,0021100024,"Dec 28, 2011",MIA @ CHA,W,39,13,23,0.565,0,0,0.0,9,9,1.0,0,6,6,7,3,2,2,0,35,5,0,2011-12-28,3,3,2011-12-28
2011-12,22011,2544,0021100045,"Dec 30, 2011",MIA @ MIN,W,37,16,26,0.615,0,1,0.0,2,4,0.5,1,7,8,10,4,1,4,2,34,14,0,2011-12-30,4,4,2011-12-30
2011-12,22011,2544,0021100059,"Jan 01, 2012",MIA vs. CHA,W,28,6,10,0.6,0,0,0.0,4,6,0.667,0,9,9,5,1,0,2,2,16,24,0,2012-01-01,5,5,2012-01-01
2011-12,22011,2544,0021100070,"Jan 02, 2012",MIA vs. ATL,L,39,11,18,0.611,0,0,0.0,6,9,0.667,2,5,7,6,0,0,4,1,28,-1,0,2012-01-02,6,6,2012-01-02
2011-12,22011,2544,0021100086,"Jan 04, 2012",MIA vs. IND,W,38,12,21,0.571,0,0,0.0,9,11,0.818,2,6,8,13,2,0,2,2,33,31,0,2012-01-04,7,7,2012-01-04
2011-12,22011,2544,0021100112,"Jan 07, 2012",MIA @ NJN,W,37,11,17,0.647,0,1,0.0,10,12,0.833,0,7,7,9,2,1,8,2,32,7,0,2012-01-07,8,9,2012-01-07
2011-12,22011,2544,0021100142,"Jan 10, 2012",MIA @ GSW,L,43,10,19,0.526,0,2,0.0,6,8,0.75,1,10,11,7,2,0,5,1,26,-5,0,2012-01-10,9,10,2012-01-10
2011-12,22011,2544,0021100153,"Jan 11, 2012",MIA @ LAC,L,42,7,19,0.368,0,1,0.0,9,17,0.529,2,11,13,7,2,0,6,5,23,-9,0,2012-01-11,10,11,2012-01-11
2011-12,22011,2544,0021100168,"Jan 13, 2012",MIA @ DEN,L,37,13,20,0.65,3,5,0.6,6,11,0.545,1,4,5,6,2,1,4,0,35,-16,0,2012-01-13,11,12,2012-01-13
2011-12,22011,2544,0021100197,"Jan 17, 2012",MIA vs. SAS,W,35,12,21,0.571,4,6,0.667,5,9,0.556,1,4,5,10,0,0,4,0,33,19,0,2012-01-17,12,13,2012-01-17
2011-12,22011,2544,0021100213,"Jan 19, 2012",MIA vs. LAL,W,37,12,27,0.444,2,3,0.667,5,7,0.714,3,5,8,8,4,3,3,4,31,0,0,2012-01-19,13,14,2012-01-19
2011-12,22011,2544,0021100229,"Jan 21, 2012",MIA vs. PHI,W,36,12,17,0.706,0,0,0.0,4,4,1.0,0,9,9,5,4,3,4,1,28,9,0,2012-01-21,14,15,2012-01-21
2011-12,22011,2544,0021100240,"Jan 22, 2012",MIA vs. MIL,L,37,8,18,0.444,0,1,0.0,12,13,0.923,4,9,13,5,1,0,3,2,28,-4,0,2012-01-22,15,16,2012-01-22
2011-12,22011,2544,0021100254,"Jan 24, 2012",MIA vs. CLE,W,38,8,21,0.381,1,4,0.25,1,4,0.25,1,4,5,5,2,0,5,1,18,9,0,2012-01-24,16,17,2012-01-24
2011-12,22011,2544,0021100260,"Jan 25, 2012",MIA @ DET,W,42,9,20,0.45,1,3,0.333,13,14,0.929,1,5,6,7,2,0,4,3,32,6,0,2012-01-25,17,18,2012-01-25
2011-12,22011,2544,0021100276,"Jan 27, 2012",MIA vs. NYK,W,40,11,18,0.611,0,2,0.0,9,10,0.9,1,7,8,7,0,0,4,2,31,4,0,2012-01-27,18,19,2012-01-27
2011-12,22011,2544,0021100291,"Jan 29, 2012",MIA vs. CHI,W,41,12,23,0.522,1,1,1.0,10,15,0.667,1,10,11,5,0,1,6,2,35,3,0,2012-01-29,19,20,2012-01-29
2011-12,22011,2544,0021100301,"Jan 30, 2012",MIA vs. NOH,W,30,8,12,0.667,1,2,0.5,5,7,0.714,4,7,11,8,1,0,4,1,22,29,0,2012-01-30,20,21,2012-01-30
2011-12,22011,2544,0021100319,"Feb 01, 2012",MIA @ MIL,L,40,14,24,0.583,4,7,0.571,8,10,0.8,0,8,8,5,2,0,7,1,40,-6,0,2012-02-01,21,22,2012-02-01
2011-12,22011,2544,0021100333,"Feb 03, 2012",MIA @ PHI,W,37,8,16,0.5,0,1,0.0,3,6,0.5,1,11,12,8,0,2,2,2,19,19,0,2012-02-03,22,23,2012-02-03
2011-12,22011,2544,0021100356,"Feb 05, 2012",MIA vs. TOR,W,38,10,17,0.588,0,1,0.0,10,12,0.833,0,9,9,2,1,0,5,1,30,11,0,2012-02-05,23,24,2012-02-05
2011-12,22011,2544,0021100369,"Feb 07, 2012",MIA vs. CLE,W,39,9,16,0.563,0,1,0.0,6,7,0.857,1,4,5,6,2,0,6,1,24,5,0,2012-02-07,24,25,2012-02-07
2011-12,22011,2544,0021100376,"Feb 08, 2012",MIA @ ORL,L,39,5,15,0.333,0,2,0.0,7,10,0.7,0,6,6,10,3,0,3,0,17,-1,0,2012-02-08,25,26,2012-02-08
2011-12,22011,2544,0021100390,"Feb 10, 2012",MIA @ WAS,W,33,6,14,0.429,0,2,0.0,6,7,0.857,0,2,2,9,0,2,1,1,18,14,0,2012-02-10,26,27,2012-02-10
2011-12,22011,2544,0021100411,"Feb 12, 2012",MIA @ ATL,W,30,6,15,0.4,1,3,0.333,10,12,0.833,3,10,13,6,1,0,2,1,23,26,0,2012-02-12,27,28,2012-02-12
2011-12,22011,2544,0021100416,"Feb 13, 2012",MIA @ MIL,W,33,16,21,0.762,0,0,0.0,3,3,1.0,3,5,8,3,1,0,2,3,35,14,0,2012-02-13,28,29,2012-02-13
2011-12,22011,2544,0021100421,"Feb 14, 2012",MIA @ IND,W,33,7,15,0.467,2,5,0.4,7,8,0.875,2,7,9,7,4,0,2,2,23,27,0,2012-02-14,29,30,2012-02-14
2011-12,22011,2544,0021100449,"Feb 17, 2012",MIA @ CLE,W,30,11,19,0.579,3,5,0.6,3,3,1.0,2,3,5,5,1,1,2,2,28,27,0,2012-02-17,30,31,2012-02-17
2011-12,22011,2544,0021100461,"Feb 19, 2012",MIA vs. ORL,W,37,9,14,0.643,1,2,0.5,6,7,0.857,1,10,11,8,2,0,2,2,25,23,0,2012-02-19,31,32,2012-02-19
2011-12,22011,2544,0021100483,"Feb 21, 2012",MIA vs. SAC,W,33,7,11,0.636,2,2,1.0,2,2,1.0,0,4,4,8,0,2,3,1,18,7,0,2012-02-21,32,33,2012-02-21
2011-12,22011,2544,0021100499,"Feb 23, 2012",MIA vs. NYK,W,41,7,16,0.438,0,0,0.0,6,6,1.0,1,8,9,8,5,2,4,3,20,12,0,2012-02-23,33,34,2012-02-23
2011-12,22011,2544,0021100527,"Mar 01, 2012",MIA @ POR,W,41,13,22,0.591,2,2,1.0,10,12,0.833,2,9,11,6,5,1,0,1,38,8,0,2012-03-01,34,35,2012-03-01
2011-12,22011,2544,0021100536,"Mar 02, 2012",MIA @ UTA,L,44,16,24,0.667,1,4,0.25,2,3,0.667,1,9,10,6,0,3,0,2,35,7,0,2012-03-02,35,36,2012-03-02
2011-12,22011,2544,0021100547,"Mar 04, 2012",MIA @ LAL,L,43,12,26,0.462,0,4,0.0,1,3,0.333,7,6,13,7,3,2,3,1,25,-13,0,2012-03-04,36,37,2012-03-04
2011-12,22011,2544,0021100566,"Mar 06, 2012",MIA vs. NJN,W,30,9,11,0.818,1,1,1.0,2,2,1.0,1,8,9,6,0,0,5,0,21,20,0,2012-03-06,37,38,2012-03-06
2011-12,22011,2544,0021100573,"Mar 07, 2012",MIA vs. ATL,W,42,12,20,0.6,0,3,0.0,7,10,0.7,4,7,11,2,1,2,2,1,31,7,0,2012-03-07,38,39,2012-03-07
2011-12,22011,2544,0021100595,"Mar 10, 2012",MIA vs. IND,W,47,8,19,0.421,2,3,0.667,9,15,0.6,1,7,8,4,4,1,4,1,27,3,0,2012-03-10,39,40,2012-03-10
2011-12,22011,2544,0021100618,"Mar 13, 2012",MIA @ ORL,L,42,7,20,0.35,2,4,0.5,3,3,1.0,3,8,11,8,1,1,6,0,19,0,0,2012-03-13,40,41,2012-03-13
2011-12,22011,2544,0021100629,"Mar 14, 2012",MIA @ CHI,L,40,14,25,0.56,2,3,0.667,5,5,1.0,1,4,5,4,4,0,2,2,35,5,0,2012-03-14,41,42,2012-03-14
2011-12,22011,2544,0021100643,"Mar 16, 2012",MIA @ PHI,W,38,12,20,0.6,0,2,0.0,5,8,0.625,2,5,7,8,2,2,1,0,29,10,0,2012-03-16,42,43,2012-03-16
2011-12,22011,2544,0021100666,"Mar 18, 2012",MIA vs. ORL,W,39,4,14,0.286,0,1,0.0,6,8,0.75,0,12,12,7,5,0,4,4,14,13,0,2012-03-18,43,44,2012-03-18
2011-12,22011,2544,0021100678,"Mar 20, 2012",MIA vs. PHX,W,38,8,18,0.444,0,3,0.0,4,6,0.667,1,7,8,6,2,2,3,2,20,15,0,2012-03-20,44,45,2012-03-20
2011-12,22011,2544,0021100704,"Mar 23, 2012",MIA @ DET,W,37,6,15,0.4,0,3,0.0,5,5,1.0,0,6,6,10,4,1,5,0,17,8,0,2012-03-23,45,46,2012-03-23
2011-12,22011,2544,0021100724,"Mar 25, 2012",MIA @ OKC,L,40,8,18,0.444,0,3,0.0,1,1,1.0,0,3,3,7,2,0,4,2,17,-10,0,2012-03-25,46,47,2012-03-25
2011-12,22011,2544,0021100730,"Mar 26, 2012",MIA @ IND,L,41,9,21,0.429,2,4,0.5,4,6,0.667,2,7,9,2,1,0,6,1,24,-14,0,2012-03-26,47,48,2012-03-26
2011-12,22011,2544,0021100754,"Mar 29, 2012",MIA vs. DAL,W,36,8,16,0.5,0,2,0.0,3,3,1.0,3,6,9,5,2,0,3,3,19,9,0,2012-03-29,48,49,2012-03-29
2011-12,22011,2544,0021100757,"Mar 30, 2012",MIA @ TOR,W,39,11,18,0.611,0,2,0.0,4,6,0.667,1,3,4,9,1,0,3,0,26,9,0,2012-03-30,49,50,2012-03-30
2011-12,22011,2544,0021100778,"Apr 01, 2012",MIA @ BOS,L,35,11,20,0.55,0,0,0.0,1,2,0.5,2,2,4,0,0,1,2,1,23,-30,0,2012-04-01,50,51,2012-04-01
2011-12,22011,2544,0021100794,"Apr 03, 2012",MIA vs. PHI,W,38,15,25,0.6,1,2,0.5,10,13,0.769,3,3,6,4,3,1,4,0,41,12,0,2012-04-03,51,52,2012-04-03
2011-12,22011,2544,0021100803,"Apr 04, 2012",MIA vs. OKC,W,42,10,20,0.5,3,7,0.429,11,13,0.846,1,6,7,10,4,1,2,2,34,20,0,2012-04-04,52,53,2012-04-04
2011-12,22011,2544,0021100819,"Apr 06, 2012",MIA vs. MEM,L,38,8,19,0.421,2,6,0.333,3,4,0.75,2,4,6,6,2,0,3,0,21,-6,0,2012-04-06,53,54,2012-04-06
2011-12,22011,2544,0021100838,"Apr 08, 2012",MIA vs. DET,W,32,12,22,0.545,1,3,0.333,1,5,0.2,3,1,4,2,0,1,1,1,26,10,0,2012-04-08,54,55,2012-04-08
2011-12,22011,2544,0021100853,"Apr 10, 2012",MIA vs. BOS,L,41,11,23,0.478,1,3,0.333,13,14,0.929,5,2,7,7,1,1,2,3,36,-6,0,2012-04-10,55,56,2012-04-10
2011-12,22011,2544,0021100870,"Apr 12, 2012",MIA @ CHI,L,47,11,24,0.458,3,6,0.5,5,7,0.714,1,5,6,5,1,1,4,1,30,-1,0,2012-04-12,56,57,2012-04-12
2011-12,22011,2544,0021100879,"Apr 13, 2012",MIA vs. CHA,W,29,7,16,0.438,0,1,0.0,5,7,0.714,1,8,9,5,2,1,2,1,19,18,0,2012-04-13,57,58,2012-04-13
2011-12,22011,2544,0021100893,"Apr 15, 2012",MIA @ NYK,W,40,11,24,0.458,1,6,0.167,6,9,0.667,2,8,10,3,2,0,6,4,29,18,0,2012-04-15,58,59,2012-04-15
2011-12,22011,2544,0021100906,"Apr 16, 2012",MIA @ NJN,W,35,11,19,0.579,1,2,0.5,14,15,0.933,1,5,6,7,2,1,4,2,37,-4,0,2012-04-16,59,60,2012-04-16
2011-12,22011,2544,0021100923,"Apr 18, 2012",MIA vs. TOR,W,30,12,15,0.8,1,1,1.0,3,4,0.75,0,5,5,4,2,0,5,0,28,20,0,2012-04-18,60,61,2012-04-18
2011-12,22011,2544,0021100934,"Apr 19, 2012",MIA vs. CHI,W,35,8,18,0.444,1,2,0.5,10,12,0.833,0,11,11,6,0,1,1,3,27,11,0,2012-04-19,61,62,2012-04-19
2011-12,22011,2544,0021100954,"Apr 22, 2012",MIA vs. HOU,W,36,11,21,0.524,1,3,0.333,9,10,0.9,1,7,8,5,1,2,5,1,32,12,0,2012-04-22,62,64,2012-04-22
2012-13,22012,2544,0021200002,"Oct 30, 2012",MIA vs. BOS,W,29,10,16,0.625,2,4,0.5,4,5,0.8,1,9,10,3,2,0,0,2,26,12,1,2012-10-30,1,1,2012-10-30
2012-13,22012,2544,0021200020,"Nov 02, 2012",MIA @ NYK,L,37,8,16,0.5,2,3,0.667,5,6,0.833,0,7,7,5,0,3,5,2,23,-21,1,2012-11-02,2,2,2012-11-02
2012-13,22012,2544,0021200030,"Nov 03, 2012",MIA vs. DEN,W,39,8,17,0.471,0,1,0.0,4,4,1.0,1,8,9,11,0,2,0,2,20,7,1,2012-11-03,3,3,2012-11-03
2012-13,22012,2544,0021200044,"Nov 05, 2012",MIA vs. PHX,W,30,10,17,0.588,2,3,0.667,1,3,0.333,3,8,11,1,0,0,3,2,23,25,1,2012-11-05,4,4,2012-11-05
2012-13,22012,2544,0021200056,"Nov 07, 2012",MIA vs. BKN,W,30,7,12,0.583,2,3,0.667,4,4,1.0,4,8,12,8,1,0,2,1,20,18,0,2012-11-07,5,5,2012-11-07
2012-13,22012,2544,0021200072,"Nov 09, 2012",MIA @ ATL,W,36,10,17,0.588,0,2,0.0,1,3,0.333,2,9,11,9,1,0,2,2,21,0,1,2012-11-09,6,6,2012-11-09
2012-13,22012,2544,0021200092,"Nov 11, 2012",MIA @ MEM,L,36,10,19,0.526,0,1,0.0,0,4,0.0,3,7,10,6,2,1,2,2,20,-18,1,2012-11-11,7,7,2012-11-11
2012-13,22012,2544,0021200099,"Nov 12, 2012",MIA @ HOU,W,40,14,26,0.538,5,8,0.625,5,8,0.625,1,9,10,6,0,0,0,1,38,8,1,2012-11-12,8,8,2012-11-12
2012-13,22012,2544,0021200117,"Nov 14, 2012",MIA @ LAC,L,41,12,23,0.522,0,3,0.0,6,9,0.667,0,5,5,7,1,2,4,3,30,-15,1,2012-11-14,9,9,2012-11-14
2012-13,22012,2544,0021200121,"Nov 15, 2012",MIA @ DEN,W,42,11,23,0.478,0,1,0.0,5,6,0.833,1,6,7,12,1,3,4,0,27,9,0,2012-11-15,10,10,2012-11-15
2012-13,22012,2544,0021200138,"Nov 17, 2012",MIA @ PHX,W,41,8,20,0.4,1,3,0.333,4,7,0.571,0,7,7,3,2,0,1,1,21,20,1,2012-11-17,11,11,2012-11-17
2012-13,22012,2544,0021200163,"Nov 21, 2012",MIA vs. MIL,W,43,11,21,0.524,2,4,0.5,4,8,0.5,2,8,10,8,1,1,1,3,28,5,1,2012-11-21,12,12,2012-11-21
2012-13,22012,2544,0021200186,"Nov 24, 2012",MIA vs. CLE,W,40,10,16,0.625,2,5,0.4,8,9,0.889,1,5,6,5,0,1,7,3,30,7,1,2012-11-24,13,13,2012-11-24
2012-13,22012,2544,0021200220,"Nov 29, 2012",MIA vs. SAS,W,39,9,16,0.563,2,5,0.4,3,6,0.5,3,6,9,7,4,0,4,2,23,-1,1,2012-11-29,14,14,2012-11-29
2012-13,22012,2544,0021200233,"Dec 01, 2012",MIA vs. BKN,W,37,8,15,0.533,1,2,0.5,4,6,0.667,1,8,9,6,1,0,2,3,21,14,1,2012-12-01,15,15,2012-12-01
2012-13,22012,2544,0021200252,"Dec 04, 2012",MIA @ WAS,L,43,12,24,0.5,1,4,0.25,1,3,0.333,2,11,13,11,3,2,3,1,26,-3,1,2012-12-04,16,16,2012-12-04
2012-13,22012,2544,0021200268,"Dec 06, 2012",MIA vs. NYK,L,39,11,20,0.55,3,5,0.6,6,9,0.667,2,8,10,9,3,0,2,0,31,-17,1,2012-12-06,17,17,2012-12-06
2012-13,22012,2544,0021200286,"Dec 08, 2012",MIA vs. NOH,W,36,11,16,0.688,0,0,0.0,2,3,0.667,1,4,5,7,2,0,4,2,24,10,1,2012-12-08,18,18,2012-12-08
2012-13,22012,2544,0021200300,"Dec 10, 2012",MIA vs. ATL,W,40,10,16,0.625,1,2,0.5,6,7,0.857,1,6,7,6,2,0,3,0,27,12,1,2012-12-10,19,19,2012-12-10
2012-13,22012,2544,0021200314,"Dec 12, 2012",MIA vs. GSW,L,42,12,23,0.522,2,4,0.5,5,5,1.0,1,2,3,5,1,0,4,0,31,-3,1,2012-12-12,20,20,2012-12-12
2012-13,22012,2544,0021200339,"Dec 15, 2012",MIA vs. WAS,W,31,8,15,0.533,0,3,0.0,7,11,0.636,0,10,10,5,1,0,2,0,23,36,1,2012-12-15,21,21,2012-12-15
2012-13,22012,2544,0021200359,"Dec 18, 2012",MIA vs. MIN,W,42,8,18,0.444,2,5,0.4,4,5,0.8,0,6,6,11,1,4,0,0,22,12,1,2012-12-18,22,22,2012-12-18
2012-13,22012,2544,0021200378,"Dec 20, 2012",MIA @ DAL,W,31,9,13,0.692,3,5,0.6,3,4,0.75,0,9,9,5,1,1,5,0,24,25,1,2012-12-20,23,23,2012-12-20
2012-13,22012,2544,0021200392,"Dec 22, 2012",MIA vs. UTA,W,38,11,20,0.55,1,1,1.0,7,10,0.7,1,8,9,7,0,0,4,0,30,14,1,2012-12-22,24,24,2012-12-22
2012-13,22012,2544,0021200407,"Dec 25, 2012",MIA vs. OKC,W,42,12,20,0.6,0,3,0.0,5,5,1.0,3,5,8,9,2,1,3,3,29,13,0,2012-12-25,25,25,2012-12-25
2012-13,22012,2544,0021200411,"Dec 26, 2012",MIA @ CHA,W,39,9,19,0.474,2,4,0.5,7,8,0.875,2,10,12,8,4,2,3,1,27,12,1,2012-12-26,26,26,2012-12-26
2012-13,22012,2544,0021200428,"Dec 28, 2012",MIA @ DET,L,44,15,22,0.682,2,4,0.5,3,4,0.75,1,5,6,5,6,1,3,1,35,-2,1,2012-12-28,27,27,2012-12-28
2012-13,22012,2544,0021200445,"Dec 29, 2012",MIA @ MIL,L,36,11,20,0.55,1,2,0.5,3,5,0.6,1,5,6,7,2,1,6,2,26,-8,1,2012-12-29,28,28,2012-12-29
2012-13,22012,2544,0021200454,"Dec 31, 2012",MIA @ ORL,W,48,10,22,0.455,1,6,0.167,15,16,0.938,1,7,8,11,1,0,3,2,36,4,1,2012-12-31,29,29,2012-12-31
2012-13,22012,2544,0021200469,"Jan 02, 2013",MIA vs. DAL,W,42,11,20,0.55,1,3,0.333,9,11,0.818,1,11,12,9,3,1,4,0,32,12,1,2013-01-02,30,30,2013-01-02
2012-13,22012,2544,0021200481,"Jan 04, 2013",MIA vs. CHI,L,41,8,14,0.571,1,5,0.2,13,16,0.813,0,6,6,2,1,0,2,2,30,-18,1,2013-01-04,31,31,2013-01-04
2012-13,22012,2544,0021200500,"Jan 06, 2013",MIA vs. WAS,W,35,9,17,0.529,2,3,0.667,4,4,1.0,1,1,2,7,0,1,1,0,24,26,1,2013-01-06,32,32,2013-01-06
2012-13,22012,2544,0021200512,"Jan 08, 2013",MIA @ IND,L,43,10,20,0.5,1,1,1.0,1,4,0.25,3,7,10,4,1,2,7,2,22,-5,1,2013-01-08,33,33,2013-01-08
2012-13,22012,2544,0021200529,"Jan 10, 2013",MIA @ POR,L,43,6,16,0.375,1,5,0.2,2,5,0.4,0,10,10,9,2,1,4,3,15,-9,1,2013-01-10,34,34,2013-01-10
2012-13,22012,2544,0021200548,"Jan 12, 2013",MIA @ SAC,W,29,7,10,0.7,0,1,0.0,6,7,0.857,1,4,5,7,5,2,1,0,20,28,1,2013-01-12,35,35,2013-01-12
2012-13,22012,2544,0021200561,"Jan 14, 2013",MIA @ UTA,L,44,13,19,0.684,2,4,0.5,4,4,1.0,1,3,4,6,3,2,3,5,32,1,1,2013-01-14,36,36,2013-01-14
2012-13,22012,2544,0021200579,"Jan 16, 2013",MIA @ GSW,W,31,11,20,0.55,1,5,0.2,2,3,0.667,1,6,7,10,1,0,1,2,25,33,0,2013-01-16,37,37,2013-01-16
2012-13,22012,2544,0021200583,"Jan 17, 2013",MIA @ LAL,W,42,17,25,0.68,1,2,0.5,4,4,1.0,0,7,7,8,3,1,2,2,39,13,1,2013-01-17,38,38,2013-01-17
2012-13,22012,2544,0021200619,"Jan 23, 2013",MIA vs. TOR,W,45,12,23,0.522,1,5,0.2,6,7,0.857,1,9,10,11,0,0,3,1,31,9,1,2013-01-23,39,39,2013-01-23
2012-13,22012,2544,0021200634,"Jan 25, 2013",MIA vs. DET,W,33,9,14,0.643,0,1,0.0,5,6,0.833,1,6,7,7,1,0,2,0,23,22,1,2013-01-25,40,40,2013-01-25
2012-13,22012,2544,0021200652,"Jan 27, 2013",MIA @ BOS,L,52,14,31,0.452,3,6,0.5,3,5,0.6,4,12,16,7,3,1,3,3,34,-2,1,2013-01-27,41,41,2013-01-27
2012-13,22012,2544,0021200675,"Jan 30, 2013",MIA @ BKN,W,34,10,18,0.556,3,4,0.75,1,4,0.25,2,7,9,7,2,0,4,2,24,22,1,2013-01-30,42,42,2013-01-30
2012-13,22012,2544,0021200685,"Feb 01, 2013",MIA @ IND,L,42,9,17,0.529,1,3,0.333,9,11,0.818,1,5,6,3,1,1,3,4,28,-9,1,2013-02-01,43,43,2013-02-01
2012-13,22012,2544,0021200707,"Feb 03, 2013",MIA @ TOR,W,40,10,16,0.625,1,2,0.5,9,11,0.818,0,8,8,7,2,0,3,1,30,29,1,2013-02-03,44,44,2013-02-03
2012-13,22012,2544,0021200711,"Feb 04, 2013",MIA vs. CHA,W,38,13,14,0.929,0,0,0.0,5,6,0.833,0,8,8,8,2,0,5,1,31,8,1,2013-02-04,45,45,2013-02-04
2012-13,22012,2544,0021200726,"Feb 06, 2013",MIA vs. HOU,W,37,11,18,0.611,3,6,0.5,7,10,0.7,1,5,6,5,0,2,4,2,32,4,1,2013-02-06,46,46,2013-02-06
2012-13,22012,2544,0021200741,"Feb 08, 2013",MIA vs. LAC,W,31,9,11,0.818,4,5,0.8,8,11,0.727,1,4,5,6,0,2,5,3,30,21,1,2013-02-08,47,47,2013-02-08
2012-13,22012,2544,0021200753,"Feb 10, 2013",MIA vs. LAL,W,36,12,18,0.667,1,2,0.5,7,8,0.875,1,6,7,4,3,0,4,4,32,7,1,2013-02-10,48,48,2013-02-10
2012-13,22012,2544,0021200770,"Feb 12, 2013",MIA vs. POR,W,39,11,15,0.733,1,3,0.333,7,8,0.875,0,6,6,9,3,2,1,0,30,21,1,2013-02-12,49,49,2013-02-12
2012-13,22012,2544,0021200787,"Feb 14, 2013",MIA @ OKC,W,40,14,24,0.583,4,8,0.5,7,9,0.778,3,9,12,7,2,0,4,3,39,15,1,2013-02-14,50,50,2013-02-14
2012-13,22012,2544,0021200802,"Feb 20, 2013",MIA @ ATL,W,40,8,15,0.533,1,4,0.25,7,8,0.875,0,6,6,11,4,0,2,1,24,16,1,2013-02-20,51,51,2013-02-20
2012-13,22012,2544,0021200809,"Feb 21, 2013",MIA @ CHI,W,34,11,15,0.733,1,4,0.25,3,3,1.0,1,11,12,7,2,0,4,2,26,6,1,2013-02-21,52,52,2013-02-21
2012-13,22012,2544,0021200826,"Feb 23, 2013",MIA @ PHI,W,32,7,12,0.583,1,4,0.25,1,2,0.5,1,9,10,11,2,0,2,1,16,14,1,2013-02-23,53,53,2013-02-23
2012-13,22012,2544,0021200833,"Feb 24, 2013",MIA vs. CLE,W,39,10,19,0.526,0,1,0.0,8,11,0.727,2,1,3,8,1,0,2,0,28,6,1,2013-02-24,54,54,2013-02-24
2012-13,22012,2544,0021200845,"Feb 26, 2013",MIA vs. SAC,W,48,14,23,0.609,1,2,0.5,11,12,0.917,3,5,8,16,2,1,2,1,40,11,1,2013-02-26,55,55,2013-02-26
2012-13,22012,2544,0021200868,"Mar 01, 2013",MIA vs. MEM,W,42,4,14,0.286,2,4,0.5,8,12,0.667,1,7,8,10,2,1,1,1,18,-1,1,2013-03-01,56,56,2013-03-01
2012-13,22012,2544,0021200880,"Mar 03, 2013",MIA @ NYK,W,43,12,23,0.522,2,6,0.333,3,6,0.5,3,8,11,7,3,1,2,1,29,9,1,2013-03-03,57,57,2013-03-03
2012-13,22012,2544,0021200892,"Mar 04, 2013",MIA @ MIN,W,35,9,16,0.563,1,4,0.25,1,1,1.0,1,9,10,4,3,2,7,3,20,10,0,2013-03-04,58,58,2013-03-04
2012-13,22012,2544,0021200903,"Mar 06, 2013",MIA vs. ORL,W,38,7,14,0.5,1,6,0.167,11,12,0.917,0,3,3,2,0,1,2,0,26,8,0,2013-03-06,59,59,2013-03-06
2012-13,22012,2544,0021200921,"Mar 08, 2013",MIA vs. PHI,W,34,10,17,0.588,2,3,0.667,3,5,0.6,3,7,10,5,1,2,3,2,25,19,1,2013-03-08,60,60,2013-03-08
2012-13,22012,2544,0021200938,"Mar 10, 2013",MIA vs. IND,W,36,5,10,0.5,0,0,0.0,3,5,0.6,1,5,6,7,1,1,4,1,13,23,1,2013-03-10,61,61,2013-03-10
2012-13,22012,2544,0021200952,"Mar 12, 2013",MIA vs. ATL,W,30,3,11,0.273,0,2,0.0,9,12,0.75,3,4,7,7,2,0,4,1,15,21,1,2013-03-12,62,62,2013-03-12
2012-13,22012,2544,0021200956,"Mar 13, 2013",MIA @ PHI,W,37,8,19,0.421,1,4,0.25,10,12,0.833,2,5,7,8,2,1,4,1,27,7,1,2013-03-13,63,63,2013-03-13
2012-13,22012,2544,0021200975,"Mar 15, 2013",MIA @ MIL,W,38,12,24,0.5,0,2,0.0,4,5,0.8,1,9,10,7,0,1,2,1,28,5,1,2013-03-15,64,64,2013-03-15
2012-13,22012,2544,0021200985,"Mar 17, 2013",MIA @ TOR,W,34,6,12,0.5,2,6,0.333,8,11,0.727,1,11,12,8,2,0,3,1,22,10,1,2013-03-17,65,65,2013-03-17
2012-13,22012,2544,0021200998,"Mar 18, 2013",MIA @ BOS,W,42,16,29,0.552,1,4,0.25,4,6,0.667,1,6,7,12,2,2,5,3,37,13,1,2013-03-18,66,66,2013-03-18
2012-13,22012,2544,0021201009,"Mar 20, 2013",MIA @ CLE,W,42,8,22,0.364,3,7,0.429,6,8,0.75,7,5,12,10,3,2,4,1,25,1,1,2013-03-20,67,67,2013-03-20
2012-13,22012,2544,0021201026,"Mar 22, 2013",MIA vs. DET,W,40,12,15,0.8,1,1,1.0,4,6,0.667,1,7,8,8,2,1,3,1,29,14,1,2013-03-22,68,68,2013-03-22
2012-13,22012,2544,0021201041,"Mar 24, 2013",MIA vs. CHA,W,34,11,14,0.786,0,1,0.0,10,11,0.909,0,8,8,10,3,3,4,0,32,22,1,2013-03-24,69,69,2013-03-24
2012-13,22012,2544,0021201049,"Mar 25, 2013",MIA @ ORL,W,39,9,16,0.563,0,0,0.0,6,10,0.6,1,8,9,11,1,0,3,2,24,25,1,2013-03-25,70,70,2013-03-25
2012-13,22012,2544,0021201062,"Mar 27, 2013",MIA @ CHI,L,40,11,17,0.647,2,5,0.4,8,11,0.727,0,7,7,3,2,4,4,1,32,2,1,2013-03-27,71,71,2013-03-27
2012-13,22012,2544,0021201080,"Mar 29, 2013",MIA @ NOH,W,32,13,20,0.65,7,10,0.7,3,5,0.6,0,4,4,6,2,0,3,0,36,19,1,2013-03-29,72,72,2013-03-29
2012-13,22012,2544,0021201140,"Apr 06, 2013",MIA vs. PHI,W,30,12,17,0.706,1,2,0.5,2,2,1.0,0,4,4,5,1,0,1,1,27,22,1,2013-04-06,73,76,2013-04-06
2012-13,22012,2544,0021201157,"Apr 09, 2013",MIA vs. MIL,W,30,11,16,0.688,0,1,0.0,6,6,1.0,1,6,7,7,2,1,3,0,28,21,1,2013-04-09,74,77,2013-04-09
2012-13,22012,2544,0021201180,"Apr 12, 2013",MIA vs. BOS,W,29,8,10,0.8,0,0,0.0,4,4,1.0,1,5,6,9,0,0,1,1,20,6,1,2013-04-12,75,79,2013-04-12
2012-13,22012,2544,0021201194,"Apr 14, 2013",MIA vs. CHI,W,35,7,12,0.583,1,1,1.0,9,12,0.75,0,7,7,6,1,0,3,2,24,8,1,2013-04-14,76,80,2013-04-14
2013-14,22013,2544,0021300002,"Oct 29, 2013",MIA vs. CHI,W,38,5,11,0.455,0,1,0.0,7,9,0.778,0,6,6,8,1,0,2,0,17,8,1,2013-10-29,1,1,2013-10-29
2013-14,22013,2544,0021300005,"Oct 30, 2013",MIA @ PHI,L,37,9,17,0.529,4,7,0.571,3,4,0.75,0,4,4,13,0,0,4,3,25,-8,1,2013-10-30,2,2,2013-10-30
2013-14,22013,2544,0021300028,"Nov 01, 2013",MIA @ BKN,L,42,11,19,0.579,1,2,0.5,3,5,0.6,1,6,7,6,2,1,5,2,26,-3,1,2013-11-01,3,3,2013-11-01
2013-14,22013,2544,0021300042,"Nov 03, 2013",MIA vs. WAS,W,35,9,14,0.643,3,5,0.6,4,5,0.8,0,3,3,5,1,0,6,2,25,16,1,2013-11-03,4,4,2013-11-03
2013-14,22013,2544,0021300051,"Nov 05, 2013",MIA @ TOR,W,36,13,20,0.65,1,3,0.333,8,8,1.0,2,6,8,8,0,1,1,2,35,3,1,2013-11-05,5,5,2013-11-05
2013-14,22013,2544,0021300070,"Nov 07, 2013",MIA vs. LAC,W,37,6,13,0.462,1,3,0.333,5,9,0.556,0,5,5,6,1,0,4,4,18,-1,1,2013-11-07,6,6,2013-11-07
2013-14,22013,2544,0021300089,"Nov 09, 2013",MIA vs. BOS,L,37,9,13,0.692,0,0,0.0,7,9,0.778,1,7,8,10,0,0,5,1,25,5,1,2013-11-09,7,7,2013-11-09
2013-14,22013,2544,0021300107,"Nov 12, 2013",MIA vs. MIL,W,30,13,21,0.619,4,7,0.571,3,6,0.5,0,3,3,2,0,0,3,0,33,14,1,2013-11-12,8,8,2013-11-12
2013-14,22013,2544,0021300130,"Nov 15, 2013",MIA vs. DAL,W,37,14,18,0.778,1,1,1.0,10,11,0.909,0,6,6,4,1,0,6,0,39,0,1,2013-11-15,9,9,2013-11-15
2013-14,22013,2544,0021300136,"Nov 16, 2013",MIA @ CHA,W,32,13,18,0.722,0,0,0.0,4,4,1.0,1,3,4,7,1,1,3,1,30,7,1,2013-11-16,10,10,2013-11-16
2013-14,22013,2544,0021300158,"Nov 19, 2013",MIA vs. ATL,W,31,6,13,0.462,0,0,0.0,1,3,0.333,2,4,6,5,1,0,3,0,13,14,1,2013-11-19,11,11,2013-11-19
2013-14,22013,2544,0021300164,"Nov 20, 2013",MIA @ ORL,W,29,5,11,0.455,0,2,0.0,11,11,1.0,1,5,6,7,1,1,4,0,21,23,1,2013-11-20,12,12,2013-11-20
2013-14,22013,2544,0021300191,"Nov 23, 2013",MIA vs. ORL,W,38,7,13,0.538,3,6,0.5,5,7,0.714,0,9,9,7,3,0,3,0,22,7,1,2013-11-23,13,13,2013-11-23
2013-14,22013,2544,0021300205,"Nov 25, 2013",MIA vs. PHX,W,33,11,14,0.786,2,4,0.5,11,11,1.0,0,5,5,4,1,1,4,0,35,1,1,2013-11-25,14,14,2013-11-25
2013-14,22013,2544,0021300219,"Nov 27, 2013",MIA @ CLE,W,37,9,19,0.474,1,3,0.333,9,11,0.818,0,8,8,8,3,0,1,3,28,0,1,2013-11-27,15,15,2013-11-27
2013-14,22013,2544,0021300230,"Nov 29, 2013",MIA @ TOR,W,36,10,17,0.588,3,5,0.6,4,6,0.667,1,5,6,3,1,1,3,2,27,3,1,2013-11-29,16,16,2013-11-29
2013-14,22013,2544,0021300252,"Dec 01, 2013",MIA vs. CHA,W,38,8,13,0.615,1,3,0.333,9,10,0.9,0,5,5,4,1,1,3,0,26,-4,1,2013-12-01,17,17,2013-12-01
2013-14,22013,2544,0021300264,"Dec 03, 2013",MIA vs. DET,L,37,8,15,0.533,2,5,0.4,5,8,0.625,3,2,5,6,2,1,6,2,23,-6,1,2013-12-03,18,18,2013-12-03
2013-14,22013,2544,0021300279,"Dec 05, 2013",MIA @ CHI,L,33,7,17,0.412,1,4,0.25,6,8,0.75,0,5,5,2,3,0,1,2,21,-21,1,2013-12-05,19,19,2013-12-05
2013-14,22013,2544,0021300294,"Dec 07, 2013",MIA @ MIN,W,31,9,12,0.75,0,0,0.0,3,5,0.6,4,10,14,8,2,0,7,3,21,9,1,2013-12-07,20,20,2013-12-07
2013-14,22013,2544,0021300300,"Dec 08, 2013",MIA @ DET,W,35,10,15,0.667,0,2,0.0,4,5,0.8,1,6,7,9,2,0,6,2,24,18,1,2013-12-08,21,21,2013-12-08
2013-14,22013,2544,0021300311,"Dec 10, 2013",MIA @ IND,L,39,6,16,0.375,1,4,0.25,4,6,0.667,1,13,14,6,2,0,5,3,17,-2,1,2013-12-10,22,22,2013-12-10
2013-14,22013,2544,0021300344,"Dec 14, 2013",MIA vs. CLE,W,41,9,12,0.75,0,2,0.0,7,10,0.7,2,7,9,9,4,0,2,2,25,6,1,2013-12-14,23,23,2013-12-14
2013-14,22013,2544,0021300360,"Dec 16, 2013",MIA vs. UTA,W,34,13,17,0.765,0,1,0.0,4,5,0.8,1,8,9,9,1,0,3,1,30,24,1,2013-12-16,24,24,2013-12-16
2013-14,22013,2544,0021300369,"Dec 18, 2013",MIA vs. IND,W,36,8,14,0.571,1,3,0.333,7,7,1.0,0,9,9,7,3,0,3,3,24,16,1,2013-12-18,25,25,2013-12-18
2013-14,22013,2544,0021300387,"Dec 20, 2013",MIA vs. SAC,W,31,8,11,0.727,1,2,0.5,1,2,0.5,2,4,6,8,1,1,1,1,18,14,1,2013-12-20,26,26,2013-12-20
2013-14,22013,2544,0021300411,"Dec 23, 2013",MIA vs. ATL,W,46,16,28,0.571,4,9,0.444,2,6,0.333,4,4,8,6,2,0,0,2,38,-4,1,2013-12-23,27,27,2013-12-23
2013-14,22013,2544,0021300420,"Dec 25, 2013",MIA @ LAL,W,36,7,14,0.5,0,4,0.0,5,9,0.556,0,8,8,4,0,0,2,2,19,0,1,2013-12-25,28,28,2013-12-25
2013-14,22013,2544,0021300434,"Dec 27, 2013",MIA @ SAC,L,44,12,23,0.522,4,9,0.444,5,6,0.833,0,8,8,8,0,0,2,3,33,-10,1,2013-12-27,29,29,2013-12-27
2013-14,22013,2544,0021300457,"Dec 30, 2013",MIA @ DEN,W,40,8,15,0.533,5,9,0.556,5,8,0.625,1,5,6,10,0,1,4,0,26,4,1,2013-12-30,30,31,2013-12-30
2013-14,22013,2544,0021300474,"Jan 02, 2014",MIA vs. GSW,L,40,10,16,0.625,1,4,0.25,5,8,0.625,0,5,5,5,0,1,8,0,26,-11,1,2014-01-02,31,32,2014-01-02
2013-14,22013,2544,0021300490,"Jan 04, 2014",MIA @ ORL,W,36,5,13,0.385,0,1,0.0,5,8,0.625,1,7,8,8,1,0,3,1,15,17,1,2014-01-04,32,33,2014-01-04
2013-14,22013,2544,0021300500,"Jan 05, 2014",MIA vs. TOR,W,38,12,18,0.667,0,0,0.0,6,7,0.857,1,3,4,5,1,0,1,1,30,1,1,2014-01-05,33,34,2014-01-05
2013-14,22013,2544,0021300511,"Jan 07, 2014",MIA vs. NOP,W,35,13,22,0.591,3,6,0.5,3,3,1.0,1,2,3,5,2,0,3,1,32,19,1,2014-01-07,34,35,2014-01-07
2013-14,22013,2544,0021300529,"Jan 09, 2014",MIA @ NYK,L,41,12,17,0.706,1,4,0.25,7,11,0.636,0,5,5,6,1,1,6,2,32,1,1,2014-01-09,35,36,2014-01-09
2013-14,22013,2544,0021300537,"Jan 10, 2014",MIA @ BKN,L,49,12,21,0.571,2,5,0.4,10,12,0.833,3,4,7,5,0,0,4,6,36,-1,1,2014-01-10,36,37,2014-01-10
2013-14,22013,2544,0021300568,"Jan 15, 2014",MIA @ WAS,L,41,8,18,0.444,0,4,0.0,9,10,0.9,2,6,8,7,2,0,4,1,25,-15,1,2014-01-15,37,38,2014-01-15
2013-14,22013,2544,0021300583,"Jan 17, 2014",MIA @ PHI,W,37,7,13,0.538,0,1,0.0,7,8,0.875,1,7,8,10,2,1,3,3,21,17,1,2014-01-17,38,39,2014-01-17
2013-14,22013,2544,0021300593,"Jan 18, 2014",MIA @ CHA,W,45,13,25,0.52,0,3,0.0,8,10,0.8,2,6,8,6,1,0,2,4,34,15,1,2014-01-18,39,40,2014-01-18
2013-14,22013,2544,0021300612,"Jan 20, 2014",MIA @ ATL,L,39,11,21,0.524,3,7,0.429,5,8,0.625,1,3,4,6,1,0,3,1,30,0,1,2014-01-20,40,41,2014-01-20
2013-14,22013,2544,0021300617,"Jan 21, 2014",MIA vs. BOS,W,39,10,19,0.526,0,4,0.0,9,11,0.818,1,7,8,4,2,0,3,1,29,10,1,2014-01-21,41,42,2014-01-21
2013-14,22013,2544,0021300631,"Jan 23, 2014",MIA vs. LAL,W,37,9,15,0.6,2,4,0.5,7,13,0.538,2,11,13,6,1,0,5,1,27,4,1,2014-01-23,42,43,2014-01-23
2013-14,22013,2544,0021300654,"Jan 26, 2014",MIA vs. SAS,W,28,8,15,0.533,1,3,0.333,1,1,1.0,0,7,7,6,1,0,4,4,18,21,1,2014-01-26,43,44,2014-01-26
2013-14,22013,2544,0021300675,"Jan 29, 2014",MIA vs. OKC,L,42,12,20,0.6,1,5,0.2,9,9,1.0,1,2,3,3,0,0,3,1,34,-17,1,2014-01-29,44,45,2014-01-29
2013-14,22013,2544,0021300705,"Feb 01, 2014",MIA @ NYK,W,39,13,22,0.591,1,3,0.333,3,6,0.5,1,7,8,7,6,0,2,3,30,14,1,2014-02-01,45,46,2014-02-01
2013-14,22013,2544,0021300713,"Feb 03, 2014",MIA vs. DET,W,38,9,19,0.474,0,3,0.0,6,8,0.75,1,7,8,11,2,2,1,1,24,6,1,2014-02-03,46,47,2014-02-03
2013-14,22013,2544,0021300736,"Feb 05, 2014",MIA @ LAC,W,41,11,20,0.55,3,7,0.429,6,8,0.75,1,7,8,12,3,1,7,2,31,3,1,2014-02-05,47,48,2014-02-05
2013-14,22013,2544,0021300755,"Feb 08, 2014",MIA @ UTA,L,39,4,13,0.308,1,6,0.167,4,6,0.667,0,7,7,5,0,0,5,2,13,0,1,2014-02-08,48,49,2014-02-08
2013-14,22013,2544,0021300774,"Feb 11, 2014",MIA @ PHX,W,41,12,22,0.545,2,5,0.4,11,14,0.786,1,8,9,3,5,0,4,2,37,8,1,2014-02-11,49,50,2014-02-11
2013-14,22013,2544,0021300788,"Feb 12, 2014",MIA @ GSW,W,42,14,26,0.538,4,8,0.5,4,7,0.571,1,12,13,9,2,0,2,1,36,-2,1,2014-02-12,50,51,2014-02-12
2013-14,22013,2544,0021300798,"Feb 18, 2014",MIA @ DAL,W,38,16,23,0.696,4,8,0.5,6,8,0.75,2,7,9,6,2,0,3,2,42,19,1,2014-02-18,51,52,2014-02-18
2013-14,22013,2544,0021300813,"Feb 20, 2014",MIA @ OKC,W,33,15,22,0.682,1,5,0.2,2,5,0.4,1,6,7,3,4,0,8,1,33,9,1,2014-02-20,52,53,2014-02-20
2013-14,22013,2544,0021300865,"Feb 27, 2014",MIA vs. NYK,W,37,13,19,0.684,1,2,0.5,4,6,0.667,0,4,4,4,0,0,1,0,31,21,1,2014-02-27,53,55,2014-02-27
2013-14,22013,2544,0021300874,"Mar 01, 2014",MIA vs. ORL,W,31,8,12,0.667,0,2,0.0,4,5,0.8,1,8,9,7,4,0,2,1,20,14,2,2014-03-01,54,56,2014-03-01
2013-14,22013,2544,0021300893,"Mar 03, 2014",MIA vs. CHA,W,41,22,33,0.667,8,10,0.8,9,12,0.75,3,4,7,4,0,0,2,2,61,16,1,2014-03-03,55,57,2014-03-03
2013-14,22013,2544,0021300900,"Mar 04, 2014",MIA @ HOU,L,37,9,18,0.5,0,3,0.0,4,6,0.667,1,0,1,6,3,0,1,1,22,-15,1,2014-03-04,56,58,2014-03-04
2013-14,22013,2544,0021300914,"Mar 06, 2014",MIA @ SAS,L,38,6,18,0.333,0,3,0.0,7,9,0.778,3,5,8,7,2,0,5,5,19,-10,1,2014-03-06,57,59,2014-03-06
2013-14,22013,2544,0021300934,"Mar 09, 2014",MIA @ CHI,L,45,8,23,0.348,1,3,0.333,0,0,0.0,1,8,9,8,3,1,4,1,17,6,1,2014-03-09,58,60,2014-03-09
2013-14,22013,2544,0021300945,"Mar 10, 2014",MIA vs. WAS,W,37,10,15,0.667,3,4,0.75,0,0,0.0,2,5,7,8,3,0,3,3,23,16,1,2014-03-10,59,61,2014-03-10
2013-14,22013,2544,0021300957,"Mar 12, 2014",MIA vs. BKN,L,38,6,13,0.462,1,4,0.25,6,9,0.667,0,5,5,7,3,0,5,1,19,2,1,2014-03-12,60,62,2014-03-12
2013-14,22013,2544,0021300976,"Mar 14, 2014",MIA vs. DEN,L,40,8,17,0.471,0,4,0.0,5,7,0.714,0,6,6,6,1,0,4,3,21,-8,1,2014-03-14,61,63,2014-03-14
2013-14,22013,2544,0021300989,"Mar 16, 2014",MIA vs. HOU,W,43,8,17,0.471,1,3,0.333,7,8,0.875,0,5,5,6,2,0,5,3,24,11,1,2014-03-16,62,64,2014-03-16
2013-14,22013,2544,0021301003,"Mar 18, 2014",MIA @ CLE,W,42,14,19,0.737,6,8,0.75,9,13,0.692,0,6,6,4,2,3,0,1,43,11,1,2014-03-18,63,65,2014-03-18
2013-14,22013,2544,0021301027,"Mar 21, 2014",MIA vs. MEM,W,38,7,14,0.5,0,2,0.0,1,2,0.5,1,5,6,7,2,1,3,0,15,4,1,2014-03-21,64,67,2014-03-21
2013-14,22013,2544,0021301036,"Mar 22, 2014",MIA @ NOP,L,42,10,18,0.556,2,4,0.5,3,3,1.0,1,7,8,9,0,1,3,1,25,-6,1,2014-03-22,65,68,2014-03-22
2013-14,22013,2544,0021301049,"Mar 24, 2014",MIA vs. POR,W,38,13,23,0.565,0,1,0.0,6,9,0.667,4,2,6,5,4,0,5,2,32,4,1,2014-03-24,66,69,2014-03-24
2013-14,22013,2544,0021301067,"Mar 26, 2014",MIA @ IND,L,43,11,19,0.579,2,6,0.333,14,15,0.933,0,8,8,5,0,0,6,3,38,2,1,2014-03-26,67,70,2014-03-26
2013-14,22013,2544,0021301079,"Mar 28, 2014",MIA @ DET,W,30,7,13,0.538,1,3,0.333,2,2,1.0,2,8,10,12,1,0,1,0,17,32,1,2014-03-28,68,71,2014-03-28
2013-14,22013,2544,0021301091,"Mar 29, 2014",MIA @ MIL,W,30,5,10,0.5,1,3,0.333,2,4,0.5,2,5,7,2,0,0,4,1,13,19,1,2014-03-29,69,72,2014-03-29
2013-14,22013,2544,0021301105,"Mar 31, 2014",MIA vs. TOR,W,39,11,20,0.55,1,6,0.167,9,11,0.818,0,7,7,8,1,0,6,2,32,22,1,2014-03-31,70,73,2014-03-31
2013-14,22013,2544,0021301121,"Apr 02, 2014",MIA vs. MIL,W,29,7,12,0.583,1,3,0.333,2,5,0.4,0,4,4,8,1,1,2,0,17,18,1,2014-04-02,71,74,2014-04-02
2013-14,22013,2544,0021301135,"Apr 04, 2014",MIA vs. MIN,L,48,12,24,0.5,2,4,0.5,8,10,0.8,2,6,8,5,4,1,4,5,34,7,1,2014-04-04,72,75,2014-04-04
2013-14,22013,2544,0021301149,"Apr 06, 2014",MIA vs. NYK,W,43,13,22,0.591,3,7,0.429,9,12,0.75,0,5,5,6,1,0,5,0,38,2,1,2014-04-06,73,76,2014-04-06
2013-14,22013,2544,0021301158,"Apr 08, 2014",MIA vs. BKN,L,37,9,16,0.563,0,3,0.0,11,14,0.786,1,9,10,6,2,0,3,0,29,-2,1,2014-04-08,74,77,2014-04-08
2013-14,22013,2544,0021301167,"Apr 09, 2014",MIA @ MEM,L,41,14,23,0.609,3,5,0.6,6,7,0.857,1,5,6,5,2,0,5,1,37,-8,1,2014-04-09,75,78,2014-04-09
2013-14,22013,2544,0021301180,"Apr 11, 2014",MIA vs. IND,W,35,11,20,0.55,2,4,0.5,12,13,0.923,1,5,6,1,1,1,2,1,36,13,1,2014-04-11,76,79,2014-04-11
2013-14,22013,2544,0021301192,"Apr 12, 2014",MIA @ ATL,L,37,10,22,0.455,3,7,0.429,4,8,0.5,3,5,8,5,0,1,3,2,27,-13,1,2014-04-12,77,80,2014-04-12
2014-15,22014,2544,0021400018,"Oct 30, 2014",CLE vs. NYK,L,43,5,15,0.333,1,5,0.2,6,7,0.857,0,5,5,4,0,0,8,3,17,-13,1,2014-10-30,1,1,2014-10-30
2014-15,22014,2544,0021400022,"Oct 31, 2014",CLE @ CHI,W,42,14,30,0.467,1,3,0.333,7,9,0.778,1,7,8,5,4,1,3,1,36,-3,1,2014-10-31,2,2,2014-10-31
2014-15,22014,2544,0021400055,"Nov 04, 2014",CLE @ POR,L,35,4,12,0.333,2,4,0.5,1,1,1.0,1,6,7,7,1,0,3,2,11,-15,1,2014-11-04,3,3,2014-11-04
2014-15,22014,2544,0021400066,"Nov 05, 2014",CLE @ UTA,L,42,8,18,0.444,3,5,0.6,12,12,1.0,0,3,3,4,3,0,4,2,31,3,1,2014-11-05,4,4,2014-11-05
2014-15,22014,2544,0021400081,"Nov 07, 2014",CLE @ DEN,W,40,8,18,0.444,1,5,0.2,5,6,0.833,0,7,7,11,1,1,3,1,22,14,1,2014-11-07,5,5,2014-11-07
2014-15,22014,2544,0021400098,"Nov 10, 2014",CLE vs. NOP,W,40,9,17,0.529,1,3,0.333,13,17,0.765,2,9,11,9,1,1,4,1,32,15,2,2014-11-10,6,6,2014-11-10
2014-15,22014,2544,0021400125,"Nov 14, 2014",CLE @ BOS,W,41,16,27,0.593,3,8,0.375,6,9,0.667,0,4,4,7,0,1,3,4,41,10,1,2014-11-14,7,7,2014-11-14
2014-15,22014,2544,0021400133,"Nov 15, 2014",CLE vs. ATL,W,29,13,20,0.65,4,5,0.8,2,4,0.5,2,4,6,7,0,1,3,1,32,14,1,2014-11-15,8,8,2014-11-15
2014-15,22014,2544,0021400147,"Nov 17, 2014",CLE vs. DEN,L,41,8,18,0.444,1,4,0.25,5,7,0.714,0,9,9,5,0,2,4,2,22,-13,1,2014-11-17,9,9,2014-11-17
2014-15,22014,2544,0021400159,"Nov 19, 2014",CLE vs. SAS,L,34,6,17,0.353,2,3,0.667,1,1,1.0,3,3,6,9,1,1,5,3,15,-3,1,2014-11-19,10,10,2014-11-19
2014-15,22014,2544,0021400179,"Nov 21, 2014",CLE @ WAS,L,39,8,21,0.381,2,7,0.286,4,7,0.571,3,1,4,4,1,1,3,0,22,-13,1,2014-11-21,11,11,2014-11-21
2014-15,22014,2544,0021400186,"Nov 22, 2014",CLE vs. TOR,L,37,6,12,0.5,1,4,0.25,2,3,0.667,0,1,1,10,1,1,5,2,15,-8,1,2014-11-22,12,12,2014-11-22
2014-15,22014,2544,0021400199,"Nov 24, 2014",CLE vs. ORL,W,31,9,17,0.529,2,4,0.5,9,11,0.818,1,3,4,11,3,0,1,0,29,19,1,2014-11-24,13,13,2014-11-24
2014-15,22014,2544,0021400211,"Nov 26, 2014",CLE vs. WAS,W,36,7,14,0.5,1,5,0.2,14,17,0.824,1,9,10,8,3,0,4,3,29,24,1,2014-11-26,14,14,2014-11-26
2014-15,22014,2544,0021400238,"Nov 29, 2014",CLE vs. IND,W,32,9,18,0.5,0,1,0.0,1,2,0.5,0,2,2,7,1,0,3,1,19,14,1,2014-11-29,15,15,2014-11-29
2014-15,22014,2544,0021400253,"Dec 02, 2014",CLE vs. MIL,W,41,6,15,0.4,0,4,0.0,14,21,0.667,1,4,5,10,0,0,7,1,26,16,1,2014-12-02,16,16,2014-12-02
2014-15,22014,2544,0021400273,"Dec 04, 2014",CLE @ NYK,W,40,7,17,0.412,1,6,0.167,4,7,0.571,1,4,5,12,2,0,4,2,19,12,1,2014-12-04,17,17,2014-12-04
2014-15,22014,2544,0021400281,"Dec 05, 2014",CLE @ TOR,W,42,9,18,0.5,2,4,0.5,4,6,0.667,0,7,7,13,3,1,4,2,24,11,1,2014-12-05,18,18,2014-12-05
2014-15,22014,2544,0021400303,"Dec 08, 2014",CLE @ BKN,W,34,8,17,0.471,1,3,0.333,1,2,0.5,0,4,4,7,3,0,3,2,18,20,1,2014-12-08,19,19,2014-12-08
2014-15,22014,2544,0021400308,"Dec 09, 2014",CLE vs. TOR,W,42,12,21,0.571,2,5,0.4,9,9,1.0,1,1,2,4,2,2,2,1,35,7,1,2014-12-09,20,20,2014-12-09
2014-15,22014,2544,0021400336,"Dec 12, 2014",CLE @ NOP,L,38,17,24,0.708,2,2,1.0,5,8,0.625,0,5,5,5,0,1,2,1,41,-5,1,2014-12-12,21,22,2014-12-12
2014-15,22014,2544,0021400355,"Dec 15, 2014",CLE vs. CHA,W,40,11,19,0.579,2,3,0.667,3,4,0.75,0,7,7,14,1,3,5,2,27,16,1,2014-12-15,22,23,2014-12-15
2014-15,22014,2544,0021400370,"Dec 17, 2014",CLE vs. ATL,L,29,8,16,0.5,0,2,0.0,5,7,0.714,0,3,3,2,2,0,2,0,21,-18,1,2014-12-17,23,24,2014-12-17
2014-15,22014,2544,0021400386,"Dec 19, 2014",CLE vs. BKN,W,40,7,18,0.389,2,4,0.5,6,8,0.75,1,3,4,9,2,0,4,4,22,-5,1,2014-12-19,24,25,2014-12-19
2014-15,22014,2544,0021400401,"Dec 21, 2014",CLE vs. MEM,W,38,9,15,0.6,3,5,0.6,4,6,0.667,0,1,1,11,0,1,5,1,25,8,1,2014-12-21,25,26,2014-12-21
2014-15,22014,2544,0021400416,"Dec 23, 2014",CLE vs. MIN,W,35,8,16,0.5,4,7,0.571,4,5,0.8,0,4,4,3,1,3,2,3,24,22,1,2014-12-23,26,27,2014-12-23
2014-15,22014,2544,0021400429,"Dec 25, 2014",CLE @ MIA,L,40,9,16,0.563,2,8,0.25,10,18,0.556,0,4,4,8,0,0,4,1,30,-9,1,2014-12-25,27,28,2014-12-25
2014-15,22014,2544,0021400433,"Dec 26, 2014",CLE @ ORL,W,37,10,20,0.5,0,5,0.0,9,11,0.818,0,5,5,8,2,2,4,1,29,7,1,2014-12-26,28,29,2014-12-26
2014-15,22014,2544,0021400453,"Dec 28, 2014",CLE vs. DET,L,32,5,19,0.263,2,6,0.333,5,5,1.0,1,9,10,7,1,0,7,3,17,-17,1,2014-12-28,29,30,2014-12-28
2014-15,22014,2544,0021400570,"Jan 13, 2015",CLE @ PHX,L,37,11,18,0.611,3,8,0.375,8,13,0.615,1,6,7,5,1,0,5,3,33,4,1,2015-01-13,30,39,2015-01-13
2014-15,22014,2544,0021400586,"Jan 15, 2015",CLE @ LAL,W,38,12,23,0.522,4,9,0.444,8,13,0.615,1,3,4,5,2,0,1,2,36,15,1,2015-01-15,31,40,2015-01-15
2014-15,22014,2544,0021400599,"Jan 16, 2015",CLE @ LAC,W,42,11,23,0.478,3,8,0.375,7,12,0.583,0,11,11,7,3,0,9,4,32,8,1,2015-01-16,32,41,2015-01-16
2014-15,22014,2544,0021400620,"Jan 19, 2015",CLE vs. CHI,W,36,12,23,0.522,0,3,0.0,2,3,0.667,1,4,5,4,0,0,6,4,26,16,1,2015-01-19,33,42,2015-01-19
2014-15,22014,2544,0021400626,"Jan 21, 2015",CLE vs. UTA,W,36,8,16,0.5,0,2,0.0,10,14,0.714,2,5,7,9,4,0,7,0,26,14,1,2015-01-21,34,43,2015-01-21
2014-15,22014,2544,0021400643,"Jan 23, 2015",CLE vs. CHA,W,27,9,15,0.6,2,4,0.5,5,6,0.833,1,5,6,9,4,1,2,1,25,32,1,2015-01-23,35,44,2015-01-23
2014-15,22014,2544,0021400658,"Jan 25, 2015",CLE vs. OKC,W,39,11,25,0.44,2,6,0.333,10,13,0.769,0,7,7,5,1,2,2,1,34,5,1,2015-01-25,36,45,2015-01-25
2014-15,22014,2544,0021400676,"Jan 27, 2015",CLE @ DET,W,36,11,24,0.458,0,4,0.0,10,11,0.909,0,6,6,7,1,0,4,3,32,0,1,2015-01-27,37,46,2015-01-27
2014-15,22014,2544,0021400700,"Jan 30, 2015",CLE vs. SAC,W,33,7,16,0.438,1,4,0.25,4,6,0.667,0,3,3,7,4,2,6,1,19,13,1,2015-01-30,38,48,2015-01-30
2014-15,22014,2544,0021400711,"Jan 31, 2015",CLE @ MIN,W,40,14,25,0.56,3,8,0.375,5,8,0.625,3,3,6,5,0,1,2,1,36,25,1,2015-01-31,39,49,2015-01-31
2014-15,22014,2544,0021400718,"Feb 02, 2015",CLE vs. PHI,W,36,6,17,0.353,1,4,0.25,5,6,0.833,0,3,3,11,2,0,6,2,18,19,1,2015-02-02,40,50,2015-02-02
2014-15,22014,2544,0021400743,"Feb 05, 2015",CLE vs. LAC,W,28,8,14,0.571,1,2,0.5,6,7,0.857,0,3,3,9,1,0,2,0,23,27,1,2015-02-05,41,51,2015-02-05
2014-15,22014,2544,0021400747,"Feb 06, 2015",CLE @ IND,L,39,10,21,0.476,0,4,0.0,5,8,0.625,0,6,6,5,2,1,7,3,25,-3,1,2015-02-06,42,52,2015-02-06
2014-15,22014,2544,0021400766,"Feb 08, 2015",CLE vs. LAL,W,30,8,16,0.5,2,7,0.286,4,5,0.8,2,8,10,8,1,0,6,2,22,15,1,2015-02-08,43,53,2015-02-08
2014-15,22014,2544,0021400796,"Feb 11, 2015",CLE vs. MIA,W,31,6,16,0.375,0,4,0.0,6,7,0.857,0,9,9,7,1,0,5,2,18,19,1,2015-02-11,44,54,2015-02-11
2014-15,22014,2544,0021400800,"Feb 12, 2015",CLE @ CHI,L,34,12,26,0.462,2,9,0.222,5,6,0.833,0,5,5,4,0,0,8,3,31,-27,1,2015-02-12,45,55,2015-02-12
2014-15,22014,2544,0021400809,"Feb 20, 2015",CLE @ WAS,W,25,12,21,0.571,3,5,0.6,1,3,0.333,0,5,5,6,1,0,2,3,28,30,1,2015-02-20,46,56,2015-02-20
2014-15,22014,2544,0021400821,"Feb 22, 2015",CLE @ NYK,W,28,7,17,0.412,1,6,0.167,3,5,0.6,0,7,7,7,2,0,4,2,18,14,1,2015-02-22,47,57,2015-02-22
2014-15,22014,2544,0021400839,"Feb 24, 2015",CLE @ DET,W,39,6,14,0.429,1,5,0.2,6,10,0.6,0,7,7,11,3,1,9,3,19,27,1,2015-02-24,48,58,2015-02-24
2014-15,22014,2544,0021400854,"Feb 26, 2015",CLE vs. GSW,W,36,15,25,0.6,4,9,0.444,8,11,0.727,1,10,11,5,3,1,6,5,42,9,1,2015-02-26,49,59,2015-02-26
2014-15,22014,2544,0021400883,"Mar 01, 2015",CLE @ HOU,L,42,15,35,0.429,4,12,0.333,3,11,0.273,2,6,8,4,3,3,4,4,37,-8,1,2015-03-01,50,61,2015-03-01
2014-15,22014,2544,0021400891,"Mar 03, 2015",CLE vs. BOS,W,26,12,23,0.522,0,1,0.0,3,3,1.0,1,2,3,5,3,1,1,0,27,35,1,2015-03-03,51,62,2015-03-03
2014-15,22014,2544,0021400900,"Mar 04, 2015",CLE @ TOR,W,37,9,16,0.563,3,6,0.5,8,13,0.615,1,5,6,14,0,0,3,2,29,6,1,2015-03-04,52,63,2015-03-04
2014-15,22014,2544,0021400915,"Mar 06, 2015",CLE @ ATL,L,40,5,13,0.385,1,4,0.25,7,8,0.875,1,5,6,8,2,1,9,3,18,-4,1,2015-03-06,53,64,2015-03-06
2014-15,22014,2544,0021400924,"Mar 07, 2015",CLE vs. PHX,W,36,6,16,0.375,2,5,0.4,3,6,0.5,0,6,6,8,1,0,4,3,17,19,1,2015-03-07,54,65,2015-03-07
2014-15,22014,2544,0021400948,"Mar 10, 2015",CLE @ DAL,W,29,10,14,0.714,4,6,0.667,3,5,0.6,0,7,7,8,1,1,2,3,27,27,1,2015-03-10,55,66,2015-03-10
2014-15,22014,2544,0021400964,"Mar 12, 2015",CLE @ SAS,W,44,10,20,0.5,3,6,0.5,8,10,0.8,0,5,5,7,2,1,3,2,31,4,1,2015-03-12,56,67,2015-03-12
2014-15,22014,2544,0021400985,"Mar 15, 2015",CLE @ ORL,W,35,9,14,0.643,0,3,0.0,3,4,0.75,1,7,8,13,3,1,1,3,21,25,1,2015-03-15,57,68,2015-03-15
2014-15,22014,2544,0021400995,"Mar 16, 2015",CLE @ MIA,L,35,8,19,0.421,4,8,0.5,6,8,0.75,1,1,2,4,0,0,4,2,26,-17,1,2015-03-16,58,69,2015-03-16
2014-15,22014,2544,0021401005,"Mar 18, 2015",CLE vs. BKN,W,35,5,13,0.385,2,4,0.5,4,6,0.667,1,2,3,7,1,0,2,1,16,13,1,2015-03-18,59,70,2015-03-18
2014-15,22014,2544,0021401023,"Mar 20, 2015",CLE vs. IND,W,39,13,26,0.5,2,6,0.333,1,2,0.5,0,7,7,5,0,0,3,0,29,-7,1,2015-03-20,60,71,2015-03-20
2014-15,22014,2544,0021401037,"Mar 22, 2015",CLE @ MIL,W,39,10,17,0.588,1,4,0.25,7,7,1.0,2,8,10,6,5,1,5,1,28,4,1,2015-03-22,61,72,2015-03-22
2014-15,22014,2544,0021401066,"Mar 25, 2015",CLE @ MEM,W,31,7,15,0.467,3,5,0.6,3,4,0.75,0,8,8,5,0,0,1,2,20,31,1,2015-03-25,62,73,2015-03-25
2014-15,22014,2544,0021401078,"Mar 27, 2015",CLE @ BKN,L,38,8,15,0.533,2,5,0.4,6,8,0.75,0,5,5,9,5,1,3,4,24,-1,1,2015-03-27,63,74,2015-03-27
2014-15,22014,2544,0021401092,"Mar 29, 2015",CLE vs. PHI,W,38,8,24,0.333,1,4,0.25,3,6,0.5,2,9,11,6,0,1,5,0,20,-4,1,2015-03-29,64,75,2015-03-29
2014-15,22014,2544,0021401124,"Apr 02, 2015",CLE vs. MIA,W,35,9,16,0.563,1,2,0.5,4,5,0.8,1,7,8,7,1,3,3,3,23,14,1,2015-04-02,65,76,2015-04-02
2014-15,22014,2544,0021401148,"Apr 05, 2015",CLE vs. CHI,W,37,8,17,0.471,1,3,0.333,3,6,0.5,2,8,10,12,3,1,3,4,20,10,1,2015-04-05,66,77,2015-04-05
2014-15,22014,2544,0021401167,"Apr 08, 2015",CLE @ MIL,W,40,8,15,0.533,2,5,0.4,3,4,0.75,2,7,9,8,1,1,2,2,21,0,1,2015-04-08,67,78,2015-04-08
2014-15,22014,2544,0021401178,"Apr 10, 2015",CLE vs. BOS,L,26,5,14,0.357,0,5,0.0,4,9,0.444,0,3,3,7,1,0,3,1,14,1,1,2015-04-10,68,79,2015-04-10
2014-15,22014,2544,0021401203,"Apr 13, 2015",CLE vs. DET,W,32,7,17,0.412,3,4,0.75,4,6,0.667,3,7,10,11,2,1,1,0,21,19,1,2015-04-13,69,81,2015-04-13
2015-16,22015,2544,0021500002,"Oct 27, 2015",CLE @ CHI,L,36,12,22,0.545,1,5,0.2,0,3,0.0,0,10,10,5,1,0,1,3,25,1,1,2015-10-27,1,1,2015-10-27
2015-16,22015,2544,0021500011,"Oct 28, 2015",CLE @ MEM,W,31,4,13,0.308,0,3,0.0,4,8,0.5,1,6,7,5,3,0,3,1,12,10,1,2015-10-28,2,2,2015-10-28
2015-16,22015,2544,0021500021,"Oct 30, 2015",CLE vs. MIA,W,34,13,19,0.684,0,2,0.0,3,5,0.6,2,3,5,4,1,0,4,3,29,7,1,2015-10-30,3,3,2015-10-30
2015-16,22015,2544,0021500046,"Nov 02, 2015",CLE @ PHI,W,33,9,19,0.474,0,3,0.0,4,4,1.0,0,9,9,11,4,2,3,3,22,21,1,2015-11-02,4,4,2015-11-02
2015-16,22015,2544,0021500063,"Nov 04, 2015",CLE vs. NYK,W,35,9,23,0.391,1,5,0.2,4,7,0.571,2,3,5,3,4,1,3,1,23,14,1,2015-11-04,5,5,2015-11-04
2015-16,22015,2544,0021500078,"Nov 06, 2015",CLE vs. PHI,W,36,12,22,0.545,3,5,0.6,4,6,0.667,0,4,4,13,2,0,2,1,31,24,1,2015-11-06,6,6,2015-11-06
2015-16,22015,2544,0021500094,"Nov 08, 2015",CLE vs. IND,W,35,10,23,0.435,0,3,0.0,9,14,0.643,0,6,6,4,0,0,2,0,29,1,1,2015-11-08,7,7,2015-11-08
2015-16,22015,2544,0021500106,"Nov 10, 2015",CLE vs. UTA,W,38,11,19,0.579,1,3,0.333,8,12,0.667,3,4,7,8,2,0,5,2,31,4,1,2015-11-10,8,8,2015-11-10
2015-16,22015,2544,0021500130,"Nov 13, 2015",CLE @ NYK,W,39,12,21,0.571,0,2,0.0,7,10,0.7,0,3,3,6,2,1,3,4,31,17,1,2015-11-13,9,9,2015-11-13
2015-16,22015,2544,0021500141,"Nov 14, 2015",CLE @ MIL,L,45,13,27,0.481,5,11,0.455,6,12,0.5,4,8,12,5,1,3,7,3,37,-2,1,2015-11-14,10,10,2015-11-14
2015-16,22015,2544,0021500160,"Nov 17, 2015",CLE @ DET,L,40,11,21,0.524,4,7,0.571,4,5,0.8,0,6,6,3,0,0,4,3,30,-6,1,2015-11-17,11,11,2015-11-17
2015-16,22015,2544,0021500176,"Nov 19, 2015",CLE vs. MIL,W,35,9,13,0.692,1,1,1.0,8,9,0.889,3,6,9,6,0,0,4,3,27,13,1,2015-11-19,12,12,2015-11-19
2015-16,22015,2544,0021500191,"Nov 21, 2015",CLE vs. ATL,W,33,8,15,0.533,1,2,0.5,2,2,1.0,2,9,11,8,0,2,3,1,19,17,1,2015-11-21,13,13,2015-11-21
2015-16,22015,2544,0021500203,"Nov 23, 2015",CLE vs. ORL,W,35,7,14,0.5,0,2,0.0,1,5,0.2,0,6,6,13,1,0,2,0,15,29,1,2015-11-23,14,14,2015-11-23
2015-16,22015,2544,0021500219,"Nov 25, 2015",CLE @ TOR,L,40,6,16,0.375,1,5,0.2,11,12,0.917,2,4,6,8,0,0,2,1,24,13,1,2015-11-25,15,15,2015-11-25
2015-16,22015,2544,0021500227,"Nov 27, 2015",CLE @ CHA,W,38,8,20,0.4,2,5,0.4,7,9,0.778,2,11,13,5,0,0,3,2,25,1,1,2015-11-27,16,16,2015-11-27
2015-16,22015,2544,0021500240,"Nov 28, 2015",CLE vs. BKN,W,36,10,22,0.455,1,6,0.167,5,6,0.833,2,7,9,5,1,0,2,0,26,-1,2,2015-11-28,17,17,2015-11-28
2015-16,22015,2544,0021500262,"Dec 01, 2015",CLE vs. WAS,L,37,8,20,0.4,0,3,0.0,8,8,1.0,4,9,13,4,1,1,9,3,24,-12,1,2015-12-01,18,18,2015-12-01
2015-16,22015,2544,0021500288,"Dec 04, 2015",CLE @ NOP,L,45,13,29,0.448,1,5,0.2,10,11,0.909,2,5,7,8,1,1,5,4,37,-4,1,2015-12-04,19,19,2015-12-04
2015-16,22015,2544,0021500313,"Dec 08, 2015",CLE vs. POR,W,40,14,24,0.583,1,3,0.333,4,4,1.0,1,9,10,3,2,3,2,3,33,7,1,2015-12-08,20,21,2015-12-08
2015-16,22015,2544,0021500334,"Dec 11, 2015",CLE @ ORL,W,29,10,15,0.667,0,1,0.0,5,8,0.625,0,3,3,8,4,0,4,0,25,36,1,2015-12-11,21,22,2015-12-11
2015-16,22015,2544,0021500367,"Dec 15, 2015",CLE @ BOS,W,36,10,20,0.5,0,3,0.0,4,4,1.0,1,6,7,3,2,1,6,3,24,17,1,2015-12-15,22,23,2015-12-15
2015-16,22015,2544,0021500384,"Dec 17, 2015",CLE vs. OKC,W,40,12,27,0.444,2,5,0.4,7,8,0.875,2,7,9,11,2,0,7,2,33,5,1,2015-12-17,23,24,2015-12-17
2015-16,22015,2544,0021500405,"Dec 20, 2015",CLE vs. PHI,W,25,10,17,0.588,0,3,0.0,3,4,0.75,0,5,5,4,3,1,2,0,23,33,1,2015-12-20,24,25,2015-12-20
2015-16,22015,2544,0021500424,"Dec 23, 2015",CLE vs. NYK,W,38,9,22,0.409,0,3,0.0,6,7,0.857,1,8,9,5,0,0,1,2,24,7,1,2015-12-23,25,26,2015-12-23
2015-16,22015,2544,0021500438,"Dec 25, 2015",CLE @ GSW,L,39,10,26,0.385,1,5,0.2,4,9,0.444,2,7,9,2,1,2,4,0,25,-9,1,2015-12-25,26,27,2015-12-25
2015-16,22015,2544,0021500453,"Dec 26, 2015",CLE @ POR,L,26,4,13,0.308,0,3,0.0,4,5,0.8,0,4,4,5,0,0,3,2,12,-29,1,2015-12-26,27,28,2015-12-26
2015-16,22015,2544,0021500466,"Dec 28, 2015",CLE @ PHX,W,35,4,10,0.4,1,5,0.2,5,9,0.556,0,4,4,7,2,1,2,3,14,3,1,2015-12-28,28,29,2015-12-28
2015-16,22015,2544,0021500473,"Dec 29, 2015",CLE @ DEN,W,34,13,24,0.542,1,3,0.333,7,8,0.875,3,3,6,2,2,1,5,2,34,3,1,2015-12-29,29,30,2015-12-29
2015-16,22015,2544,0021500499,"Jan 02, 2016",CLE vs. ORL,W,29,11,18,0.611,4,7,0.571,3,4,0.75,0,5,5,3,2,0,0,2,29,28,1,2016-01-02,30,31,2016-01-02
2015-16,22015,2544,0021500511,"Jan 04, 2016",CLE vs. TOR,W,31,7,11,0.636,1,2,0.5,5,8,0.625,0,2,2,7,3,0,2,1,20,11,1,2016-01-04,31,32,2016-01-04
2015-16,22015,2544,0021500527,"Jan 06, 2016",CLE @ WAS,W,40,12,22,0.545,4,9,0.444,6,8,0.75,0,10,10,4,1,1,2,3,34,2,1,2016-01-06,32,33,2016-01-06
2015-16,22015,2544,0021500543,"Jan 08, 2016",CLE @ MIN,W,32,5,12,0.417,0,4,0.0,3,4,0.75,0,12,12,8,1,2,3,1,13,21,1,2016-01-08,33,34,2016-01-08
2015-16,22015,2544,0021500559,"Jan 10, 2016",CLE @ PHI,W,37,15,22,0.682,3,5,0.6,4,6,0.667,0,7,7,9,2,0,2,1,37,11,1,2016-01-10,34,35,2016-01-10
2015-16,22015,2544,0021500575,"Jan 12, 2016",CLE @ DAL,W,42,9,17,0.529,3,6,0.5,6,8,0.75,3,7,10,7,2,0,4,2,27,2,1,2016-01-12,35,36,2016-01-12
2015-16,22015,2544,0021500590,"Jan 14, 2016",CLE @ SAS,L,37,9,17,0.529,1,3,0.333,3,4,0.75,2,5,7,5,0,0,4,4,22,9,1,2016-01-14,36,37,2016-01-14
2015-16,22015,2544,0021500601,"Jan 15, 2016",CLE @ HOU,W,36,7,14,0.5,1,2,0.5,4,6,0.667,2,5,7,7,0,2,4,1,19,10,1,2016-01-15,37,38,2016-01-15
2015-16,22015,2544,0021500622,"Jan 18, 2016",CLE vs. GSW,L,33,7,16,0.438,0,3,0.0,2,2,1.0,1,4,5,5,1,1,3,1,16,-34,1,2016-01-18,38,39,2016-01-18
2015-16,22015,2544,0021500631,"Jan 20, 2016",CLE @ BKN,W,29,7,12,0.583,1,1,1.0,2,4,0.5,0,1,1,5,1,1,4,1,17,15,1,2016-01-20,39,40,2016-01-20
2015-16,22015,2544,0021500640,"Jan 21, 2016",CLE vs. LAC,W,35,9,17,0.529,1,4,0.25,3,5,0.6,1,4,5,12,0,0,0,4,22,21,1,2016-01-21,40,41,2016-01-21
2015-16,22015,2544,0021500659,"Jan 23, 2016",CLE vs. CHI,L,40,11,27,0.407,0,5,0.0,4,7,0.571,3,10,13,9,2,1,1,3,26,-2,1,2016-01-23,41,42,2016-01-23
2015-16,22015,2544,0021500667,"Jan 25, 2016",CLE vs. MIN,W,38,11,15,0.733,1,1,1.0,2,3,0.667,0,4,4,9,1,1,5,2,25,1,1,2016-01-25,42,43,2016-01-25
2015-16,22015,2544,0021500684,"Jan 27, 2016",CLE vs. PHX,W,31,7,8,0.875,0,1,0.0,7,7,1.0,0,3,3,9,0,0,2,2,21,16,1,2016-01-27,43,44,2016-01-27
2015-16,22015,2544,0021500699,"Jan 29, 2016",CLE @ DET,W,36,7,16,0.438,0,2,0.0,6,7,0.857,1,8,9,8,1,0,1,3,20,19,1,2016-01-29,44,45,2016-01-29
2015-16,22015,2544,0021500713,"Jan 30, 2016",CLE vs. SAS,W,34,10,17,0.588,0,2,0.0,9,11,0.818,1,4,5,7,2,2,2,2,29,14,1,2016-01-30,45,46,2016-01-30
2015-16,22015,2544,0021500721,"Feb 01, 2016",CLE @ IND,W,44,9,22,0.409,0,5,0.0,6,10,0.6,2,10,12,6,2,1,1,2,24,-1,1,2016-02-01,46,47,2016-02-01
2015-16,22015,2544,0021500735,"Feb 03, 2016",CLE @ CHA,L,39,10,21,0.476,0,3,0.0,3,5,0.6,0,6,6,6,1,2,1,1,23,-9,1,2016-02-03,47,48,2016-02-03
2015-16,22015,2544,0021500755,"Feb 05, 2016",CLE vs. BOS,L,38,9,23,0.391,0,5,0.0,12,17,0.706,3,4,7,4,2,1,6,2,30,-7,1,2016-02-05,48,49,2016-02-05
2015-16,22015,2544,0021500763,"Feb 06, 2016",CLE vs. NOP,W,37,11,20,0.55,2,5,0.4,3,3,1.0,0,3,3,8,1,0,2,2,27,8,1,2016-02-06,49,50,2016-02-06
2015-16,22015,2544,0021500775,"Feb 08, 2016",CLE vs. SAC,W,31,8,16,0.5,1,2,0.5,4,5,0.8,1,9,10,10,2,1,4,1,21,16,1,2016-02-08,50,51,2016-02-08
2015-16,22015,2544,0021500795,"Feb 10, 2016",CLE vs. LAL,W,37,12,22,0.545,3,6,0.5,2,5,0.4,1,6,7,11,1,0,1,1,29,16,1,2016-02-10,51,52,2016-02-10
2015-16,22015,2544,0021500803,"Feb 18, 2016",CLE vs. CHI,W,35,11,19,0.579,0,2,0.0,3,3,1.0,2,7,9,9,0,1,2,3,25,13,1,2016-02-18,52,53,2016-02-18
2015-16,22015,2544,0021500824,"Feb 21, 2016",CLE @ OKC,W,37,11,22,0.5,2,5,0.4,1,1,1.0,3,4,7,11,3,0,5,3,25,22,1,2016-02-21,53,54,2016-02-21
2015-16,22015,2544,0021500833,"Feb 22, 2016",CLE vs. DET,L,37,5,18,0.278,0,4,0.0,2,2,1.0,1,7,8,5,3,0,6,2,12,-4,1,2016-02-22,54,55,2016-02-22
2015-16,22015,2544,0021500845,"Feb 24, 2016",CLE vs. CHA,W,30,8,13,0.615,2,4,0.5,5,8,0.625,1,6,7,7,2,0,2,1,23,4,1,2016-02-24,55,56,2016-02-24
2015-16,22015,2544,0021500864,"Feb 26, 2016",CLE @ TOR,L,40,9,18,0.5,2,4,0.5,5,9,0.556,1,7,8,7,1,0,6,2,25,10,1,2016-02-26,56,57,2016-02-26
2015-16,22015,2544,0021500884,"Feb 29, 2016",CLE vs. IND,W,37,14,22,0.636,2,4,0.5,3,5,0.6,0,5,5,4,2,0,5,2,33,12,1,2016-02-29,57,59,2016-02-29
2015-16,22015,2544,0021500917,"Mar 04, 2016",CLE vs. WAS,W,30,7,18,0.389,1,4,0.25,4,4,1.0,1,12,13,8,3,0,1,1,19,15,1,2016-03-04,58,60,2016-03-04
2015-16,22015,2544,0021500922,"Mar 05, 2016",CLE vs. BOS,W,36,11,20,0.55,1,4,0.25,5,9,0.556,4,7,11,8,2,1,4,2,28,4,1,2016-03-05,59,61,2016-03-05
2015-16,22015,2544,0021500938,"Mar 07, 2016",CLE vs. MEM,L,38,11,19,0.579,2,4,0.5,4,5,0.8,2,7,9,5,1,0,4,2,28,-9,1,2016-03-07,60,62,2016-03-07
2015-16,22015,2544,0021500957,"Mar 09, 2016",CLE @ SAC,W,37,8,19,0.421,1,5,0.2,8,9,0.889,4,7,11,6,0,0,5,1,25,16,1,2016-03-09,61,63,2016-03-09
2015-16,22015,2544,0021500962,"Mar 10, 2016",CLE @ LAL,W,35,9,18,0.5,1,4,0.25,5,8,0.625,2,3,5,7,0,2,3,2,24,6,1,2016-03-10,62,64,2016-03-10
2015-16,22015,2544,0021500983,"Mar 13, 2016",CLE @ LAC,W,31,9,15,0.6,3,4,0.75,6,7,0.857,1,5,6,5,1,0,2,2,27,16,1,2016-03-13,63,65,2016-03-13
2015-16,22015,2544,0021500994,"Mar 14, 2016",CLE @ UTA,L,37,10,20,0.5,2,6,0.333,1,2,0.5,6,6,12,3,1,0,3,0,23,6,1,2016-03-14,64,66,2016-03-14
2015-16,22015,2544,0021501020,"Mar 18, 2016",CLE @ ORL,W,36,6,15,0.4,0,3,0.0,6,6,1.0,1,6,7,8,1,1,4,3,18,-5,1,2016-03-18,65,68,2016-03-18
2015-16,22015,2544,0021501033,"Mar 19, 2016",CLE @ MIA,L,27,13,20,0.65,0,3,0.0,0,0,0.0,0,3,3,3,1,0,3,1,26,-23,1,2016-03-19,66,69,2016-03-19
2015-16,22015,2544,0021501044,"Mar 21, 2016",CLE vs. DEN,W,33,12,19,0.632,1,2,0.5,8,11,0.727,3,8,11,11,0,0,3,2,33,38,1,2016-03-21,67,70,2016-03-21
2015-16,22015,2544,0021501059,"Mar 23, 2016",CLE vs. MIL,W,37,9,22,0.409,1,4,0.25,7,10,0.7,5,1,6,8,2,1,2,0,26,12,1,2016-03-23,68,71,2016-03-23
2015-16,22015,2544,0021501069,"Mar 24, 2016",CLE @ BKN,L,35,13,16,0.813,1,2,0.5,3,4,0.75,1,5,6,5,1,0,4,2,30,-8,1,2016-03-24,69,72,2016-03-24
2015-16,22015,2544,0021501086,"Mar 26, 2016",CLE @ NYK,W,36,10,21,0.476,2,3,0.667,5,6,0.833,3,8,11,11,1,2,2,4,27,20,1,2016-03-26,70,73,2016-03-26
2015-16,22015,2544,0021501122,"Mar 31, 2016",CLE vs. BKN,W,31,8,11,0.727,0,0,0.0,8,10,0.8,0,4,4,11,2,1,6,0,24,28,1,2016-03-31,71,75,2016-03-31
2015-16,22015,2544,0021501131,"Apr 01, 2016",CLE @ ATL,W,44,12,26,0.462,1,5,0.2,4,5,0.8,3,13,16,9,3,1,3,4,29,6,1,2016-04-01,72,76,2016-04-01
2015-16,22015,2544,0021501144,"Apr 03, 2016",CLE vs. CHA,W,41,14,22,0.636,0,0,0.0,3,3,1.0,3,5,8,12,2,0,5,4,31,10,1,2016-04-03,73,77,2016-04-03
2015-16,22015,2544,0021501159,"Apr 05, 2016",CLE @ MIL,W,28,7,9,0.778,1,2,0.5,2,2,1.0,0,5,5,9,0,1,4,0,17,22,1,2016-04-05,74,78,2016-04-05
2015-16,22015,2544,0021501191,"Apr 09, 2016",CLE @ CHI,L,39,13,17,0.765,4,5,0.8,3,4,0.75,3,4,7,3,0,1,4,1,33,7,1,2016-04-09,75,80,2016-04-09
2015-16,22015,2544,0021501203,"Apr 11, 2016",CLE vs. ATL,W,32,13,16,0.813,3,4,0.75,5,5,1.0,1,5,6,6,2,1,4,2,34,13,1,2016-04-11,76,81,2016-04-11
2016-17,22016,2544,0021600001,"Oct 25, 2016",CLE vs. NYK,W,32,9,14,0.643,0,3,0.0,1,2,0.5,3,8,11,14,0,1,4,3,19,26,1,2016-10-25,1,1,2016-10-25
2016-17,22016,2544,0021600018,"Oct 28, 2016",CLE @ TOR,W,39,7,16,0.438,2,6,0.333,5,7,0.714,2,6,8,7,0,0,5,2,21,0,1,2016-10-28,2,2,2016-10-28
2016-17,22016,2544,0021600029,"Oct 29, 2016",CLE vs. ORL,W,39,7,16,0.438,2,6,0.333,7,11,0.636,1,5,6,9,1,1,2,2,23,1,1,2016-10-29,3,3,2016-10-29
2016-17,22016,2544,0021600047,"Nov 01, 2016",CLE vs. HOU,W,36,6,12,0.5,1,3,0.333,6,10,0.6,3,10,13,8,0,0,4,4,19,15,1,2016-11-01,4,4,2016-11-01
2016-17,22016,2544,0021600068,"Nov 03, 2016",CLE vs. BOS,W,36,12,22,0.545,1,4,0.25,5,5,1.0,1,6,7,12,1,0,2,2,30,18,1,2016-11-03,5,5,2016-11-03
2016-17,22016,2544,0021600080,"Nov 05, 2016",CLE @ PHI,W,36,9,23,0.391,1,5,0.2,6,7,0.857,1,7,8,14,2,1,5,1,25,11,1,2016-11-05,6,6,2016-11-05
2016-17,22016,2544,0021600100,"Nov 08, 2016",CLE vs. ATL,L,37,8,17,0.471,2,5,0.4,5,5,1.0,2,7,9,5,3,0,1,3,23,7,1,2016-11-08,7,7,2016-11-08
2016-17,22016,2544,0021600122,"Nov 11, 2016",CLE @ WAS,W,38,9,18,0.5,3,4,0.75,6,9,0.667,0,10,10,5,2,2,6,1,27,7,1,2016-11-11,8,8,2016-11-11
2016-17,22016,2544,0021600140,"Nov 13, 2016",CLE vs. CHA,W,39,8,21,0.381,2,5,0.4,1,2,0.5,0,8,8,8,1,1,3,0,19,12,1,2016-11-13,9,9,2016-11-13
2016-17,22016,2544,0021600153,"Nov 15, 2016",CLE vs. TOR,W,38,10,15,0.667,2,5,0.4,6,10,0.6,0,9,9,15,1,0,5,2,28,1,1,2016-11-15,10,10,2016-11-15
2016-17,22016,2544,0021600175,"Nov 18, 2016",CLE vs. DET,W,28,9,14,0.643,1,3,0.333,2,3,0.667,0,3,3,3,0,1,2,1,21,21,1,2016-11-18,11,12,2016-11-18
2016-17,22016,2544,0021600215,"Nov 23, 2016",CLE vs. POR,W,38,11,21,0.524,2,3,0.667,7,8,0.875,1,9,10,13,3,0,3,0,31,17,1,2016-11-23,12,13,2016-11-23
2016-17,22016,2544,0021600227,"Nov 25, 2016",CLE vs. DAL,W,29,6,13,0.462,2,5,0.4,5,5,1.0,0,5,5,11,1,0,4,1,19,33,1,2016-11-25,13,14,2016-11-25
2016-17,22016,2544,0021600245,"Nov 27, 2016",CLE @ PHI,W,42,9,19,0.474,1,4,0.25,7,9,0.778,2,8,10,13,1,0,5,0,26,2,1,2016-11-27,14,15,2016-11-27
2016-17,22016,2544,0021600262,"Nov 29, 2016",CLE @ MIL,L,33,8,16,0.5,3,8,0.375,3,7,0.429,0,4,4,4,0,0,7,3,22,-12,1,2016-11-29,15,16,2016-11-29
2016-17,22016,2544,0021600279,"Dec 01, 2016",CLE vs. LAC,L,34,5,14,0.357,0,2,0.0,6,11,0.545,1,4,5,5,2,0,5,2,16,-20,1,2016-12-01,16,17,2016-12-01
2016-17,22016,2544,0021600286,"Dec 02, 2016",CLE @ CHI,L,45,13,22,0.591,1,3,0.333,0,0,0.0,0,5,5,13,0,0,8,2,27,-2,1,2016-12-02,17,18,2016-12-02
2016-17,22016,2544,0021600305,"Dec 05, 2016",CLE @ TOR,W,42,12,26,0.462,2,7,0.286,8,9,0.889,3,5,8,7,2,0,1,2,34,9,1,2016-12-05,18,19,2016-12-05
2016-17,22016,2544,0021600327,"Dec 07, 2016",CLE @ NYK,W,32,7,10,0.7,1,2,0.5,10,14,0.714,2,4,6,7,1,2,4,2,25,32,1,2016-12-07,19,20,2016-12-07
2016-17,22016,2544,0021600338,"Dec 09, 2016",CLE vs. MIA,W,37,12,22,0.545,1,3,0.333,2,4,0.5,2,6,8,8,3,0,3,2,27,22,1,2016-12-09,20,21,2016-12-09
2016-17,22016,2544,0021600349,"Dec 10, 2016",CLE vs. CHA,W,42,17,24,0.708,5,10,0.5,5,9,0.556,1,8,9,10,3,1,5,3,44,-1,1,2016-12-10,21,22,2016-12-10
2016-17,22016,2544,0021600368,"Dec 13, 2016",CLE vs. MEM,W,36,9,17,0.529,0,4,0.0,5,8,0.625,1,5,6,8,3,0,6,1,23,8,1,2016-12-13,22,23,2016-12-13
2016-17,22016,2544,0021600402,"Dec 17, 2016",CLE vs. LAL,W,39,9,18,0.5,2,5,0.4,6,11,0.545,1,6,7,9,2,2,2,1,26,17,1,2016-12-17,23,25,2016-12-17
2016-17,22016,2544,0021600423,"Dec 20, 2016",CLE @ MIL,W,47,12,25,0.48,5,9,0.556,5,6,0.833,3,9,12,7,1,1,2,2,34,8,1,2016-12-20,24,26,2016-12-20
2016-17,22016,2544,0021600429,"Dec 21, 2016",CLE vs. MIL,W,34,12,24,0.5,4,7,0.571,1,1,1.0,1,8,9,6,0,0,2,0,29,26,1,2016-12-21,25,27,2016-12-21
2016-17,22016,2544,0021600444,"Dec 23, 2016",CLE vs. BKN,W,27,7,16,0.438,0,3,0.0,5,6,0.833,1,3,4,6,3,0,1,0,19,32,1,2016-12-23,26,28,2016-12-23
2016-17,22016,2544,0021600457,"Dec 25, 2016",CLE vs. GSW,W,40,12,22,0.545,4,8,0.5,3,7,0.429,5,8,13,4,2,1,5,2,31,4,1,2016-12-25,27,29,2016-12-25
2016-17,22016,2544,0021600488,"Dec 29, 2016",CLE vs. BOS,W,44,9,18,0.5,2,6,0.333,3,7,0.429,2,6,8,11,1,3,8,2,23,1,1,2016-12-29,28,31,2016-12-29
2016-17,22016,2544,0021600505,"Dec 31, 2016",CLE @ CHA,W,36,12,25,0.48,4,8,0.5,4,6,0.667,2,4,6,9,1,0,1,1,32,17,1,2016-12-31,29,32,2016-12-31
2016-17,22016,2544,0021600514,"Jan 02, 2017",CLE vs. NOP,W,39,9,21,0.429,0,4,0.0,8,10,0.8,2,5,7,6,2,1,4,1,26,-4,1,2017-01-02,30,33,2017-01-02
2016-17,22016,2544,0021600532,"Jan 04, 2017",CLE vs. CHI,L,37,12,21,0.571,1,2,0.5,6,9,0.667,2,6,8,7,1,0,5,2,31,-13,1,2017-01-04,31,34,2017-01-04
2016-17,22016,2544,0021600547,"Jan 06, 2017",CLE @ BKN,W,35,14,20,0.7,0,1,0.0,8,10,0.8,0,9,9,6,3,0,5,2,36,20,1,2017-01-06,32,35,2017-01-06
2016-17,22016,2544,0021600565,"Jan 08, 2017",CLE @ PHX,W,40,11,17,0.647,2,4,0.5,4,6,0.667,3,5,8,4,1,0,7,3,28,-2,1,2017-01-08,33,36,2017-01-08
2016-17,22016,2544,0021600576,"Jan 10, 2017",CLE @ UTA,L,37,10,20,0.5,3,6,0.5,6,7,0.857,1,5,6,5,4,0,4,0,29,-8,1,2017-01-10,34,37,2017-01-10
2016-17,22016,2544,0021600585,"Jan 11, 2017",CLE @ POR,L,31,5,12,0.417,2,5,0.4,8,9,0.889,1,10,11,4,1,1,5,1,20,-7,1,2017-01-11,35,38,2017-01-11
2016-17,22016,2544,0021600599,"Jan 13, 2017",CLE @ SAC,W,42,6,12,0.5,1,4,0.25,3,3,1.0,0,2,2,15,1,1,5,2,16,16,1,2017-01-13,36,39,2017-01-13
2016-17,22016,2544,0021600619,"Jan 16, 2017",CLE @ GSW,L,35,6,18,0.333,1,4,0.25,7,10,0.7,2,6,8,2,1,0,6,1,20,-32,1,2017-01-16,37,40,2017-01-16
2016-17,22016,2544,0021600636,"Jan 19, 2017",CLE vs. PHX,W,39,8,12,0.667,0,2,0.0,5,8,0.625,0,9,9,15,1,2,4,2,21,14,1,2017-01-19,38,41,2017-01-19
2016-17,22016,2544,0021600657,"Jan 21, 2017",CLE vs. SAS,L,45,11,16,0.688,2,5,0.4,5,7,0.714,0,6,6,7,2,0,7,5,29,-16,1,2017-01-21,39,42,2017-01-21
2016-17,22016,2544,0021600671,"Jan 23, 2017",CLE @ NOP,L,44,11,21,0.524,1,4,0.25,3,4,0.75,2,8,10,12,2,0,6,2,26,-11,1,2017-01-23,40,43,2017-01-23
2016-17,22016,2544,0021600680,"Jan 25, 2017",CLE vs. SAC,L,45,8,15,0.533,0,3,0.0,8,11,0.727,4,9,13,11,2,1,5,3,24,-1,1,2017-01-25,41,44,2017-01-25
2016-17,22016,2544,0021600695,"Jan 27, 2017",CLE vs. BKN,W,34,13,18,0.722,1,3,0.333,4,7,0.571,0,5,5,11,0,0,5,1,31,22,1,2017-01-27,42,45,2017-01-27
2016-17,22016,2544,0021600712,"Jan 29, 2017",CLE vs. OKC,W,37,9,18,0.5,0,2,0.0,7,10,0.7,1,13,14,8,1,0,2,1,25,10,1,2017-01-29,43,46,2017-01-29
2016-17,22016,2544,0021600722,"Jan 30, 2017",CLE @ DAL,L,37,9,19,0.474,1,6,0.167,4,8,0.5,0,9,9,9,2,0,5,0,23,-8,1,2017-01-30,44,47,2017-01-30
2016-17,22016,2544,0021600731,"Feb 01, 2017",CLE vs. MIN,W,34,11,14,0.786,1,2,0.5,4,7,0.571,0,8,8,12,2,1,2,1,27,16,1,2017-02-01,45,48,2017-02-01
2016-17,22016,2544,0021600759,"Feb 04, 2017",CLE @ NYK,W,40,12,20,0.6,4,8,0.5,4,5,0.8,0,5,5,10,0,0,5,1,32,11,1,2017-02-04,46,49,2017-02-04
2016-17,22016,2544,0021600769,"Feb 06, 2017",CLE @ WAS,W,42,12,18,0.667,6,8,0.75,2,5,0.4,0,7,7,17,2,2,6,6,32,0,1,2017-02-06,47,50,2017-02-06
2016-17,22016,2544,0021600783,"Feb 08, 2017",CLE @ IND,W,38,9,16,0.563,1,2,0.5,6,8,0.75,1,5,6,9,1,1,4,2,25,8,1,2017-02-08,48,51,2017-02-08
2016-17,22016,2544,0021600796,"Feb 09, 2017",CLE @ OKC,L,41,8,19,0.421,1,4,0.25,1,3,0.333,1,4,5,7,2,2,3,1,18,-4,1,2017-02-09,49,52,2017-02-09
2016-17,22016,2544,0021600811,"Feb 11, 2017",CLE vs. DEN,W,33,11,16,0.688,1,1,1.0,4,4,1.0,0,5,5,12,2,0,6,1,27,26,1,2017-02-11,50,53,2017-02-11
2016-17,22016,2544,0021600832,"Feb 14, 2017",CLE @ MIN,W,40,10,14,0.714,2,3,0.667,3,6,0.5,1,7,8,14,0,0,6,3,25,11,1,2017-02-14,51,54,2017-02-14
2016-17,22016,2544,0021600835,"Feb 15, 2017",CLE vs. IND,W,33,12,17,0.706,4,5,0.8,3,4,0.75,0,5,5,4,1,0,4,2,31,9,1,2017-02-15,52,55,2017-02-15
2016-17,22016,2544,0021600853,"Feb 23, 2017",CLE vs. NYK,W,37,7,11,0.636,0,2,0.0,4,6,0.667,0,13,13,15,0,3,6,1,18,10,1,2017-02-23,53,56,2017-02-23
2016-17,22016,2544,0021600884,"Feb 27, 2017",CLE vs. MIL,W,37,8,12,0.667,1,2,0.5,7,9,0.778,0,10,10,6,0,0,3,1,24,8,1,2017-02-27,54,58,2017-02-27
2016-17,22016,2544,0021600901,"Mar 01, 2017",CLE @ BOS,L,40,10,21,0.476,3,6,0.5,5,8,0.625,5,8,13,10,1,1,4,3,28,-3,1,2017-03-01,55,59,2017-03-01
2016-17,22016,2544,0021600913,"Mar 03, 2017",CLE @ ATL,W,39,14,27,0.519,6,10,0.6,4,8,0.5,1,12,13,8,0,0,2,4,38,5,1,2017-03-03,56,60,2017-03-03
2016-17,22016,2544,0021600936,"Mar 06, 2017",CLE vs. MIA,L,39,11,22,0.5,2,5,0.4,6,10,0.6,3,14,17,6,1,1,3,2,30,14,1,2017-03-06,57,62,2017-03-06
2016-17,22016,2544,0021600960,"Mar 09, 2017",CLE @ DET,L,39,12,22,0.545,0,6,0.0,5,8,0.625,4,10,14,10,1,0,3,1,29,18,1,2017-03-09,58,63,2017-03-09
2016-17,22016,2544,0021600977,"Mar 11, 2017",CLE @ ORL,W,38,8,14,0.571,2,5,0.4,6,10,0.6,0,12,12,12,0,1,4,3,24,12,1,2017-03-11,59,64,2017-03-11
2016-17,22016,2544,0021600989,"Mar 12, 2017",CLE @ HOU,L,40,12,20,0.6,4,11,0.364,2,3,0.667,0,7,7,5,2,0,8,2,30,-9,1,2017-03-12,60,65,2017-03-12
2016-17,22016,2544,0021600999,"Mar 14, 2017",CLE vs. DET,W,28,6,12,0.5,0,2,0.0,4,5,0.8,0,11,11,12,0,0,2,0,16,22,1,2017-03-14,61,66,2017-03-14
2016-17,22016,2544,0021601014,"Mar 16, 2017",CLE vs. UTA,W,38,13,20,0.65,2,5,0.4,5,10,0.5,0,10,10,6,2,1,6,0,33,14,1,2017-03-16,62,67,2017-03-16
2016-17,22016,2544,0021601043,"Mar 19, 2017",CLE @ LAL,W,38,13,22,0.591,3,8,0.375,5,8,0.625,0,6,6,7,1,0,3,2,34,12,1,2017-03-19,63,69,2017-03-19
2016-17,22016,2544,0021601064,"Mar 22, 2017",CLE @ DEN,L,34,8,12,0.667,0,2,0.0,2,4,0.5,2,4,6,5,0,0,4,1,18,-30,1,2017-03-22,64,70,2017-03-22
2016-17,22016,2544,0021601073,"Mar 24, 2017",CLE @ CHA,W,40,9,14,0.643,0,1,0.0,14,16,0.875,0,9,9,11,1,2,4,2,32,1,1,2017-03-24,65,71,2017-03-24
2016-17,22016,2544,0021601083,"Mar 25, 2017",CLE vs. WAS,L,41,10,21,0.476,0,4,0.0,4,6,0.667,3,8,11,8,0,1,3,2,24,-11,1,2017-03-25,66,72,2017-03-25
2016-17,22016,2544,0021601099,"Mar 27, 2017",CLE @ SAS,L,30,7,17,0.412,0,3,0.0,3,6,0.5,3,5,8,8,0,0,2,3,17,-13,1,2017-03-27,67,73,2017-03-27
2016-17,22016,2544,0021601122,"Mar 30, 2017",CLE @ CHI,L,39,11,20,0.55,1,7,0.143,3,7,0.429,1,9,10,8,1,1,4,0,26,-3,1,2017-03-30,68,74,2017-03-30
2016-17,22016,2544,0021601128,"Mar 31, 2017",CLE vs. PHI,W,30,14,22,0.636,3,7,0.429,3,6,0.5,2,7,9,6,0,0,2,2,34,31,1,2017-03-31,69,75,2017-03-31
2016-17,22016,2544,0021601150,"Apr 02, 2017",CLE vs. IND,W,52,16,29,0.552,3,10,0.3,6,12,0.5,4,10,14,11,2,1,1,4,41,-1,1,2017-04-02,70,76,2017-04-02
2016-17,22016,2544,0021601156,"Apr 04, 2017",CLE vs. ORL,W,37,7,14,0.5,0,3,0.0,4,6,0.667,1,10,11,11,2,1,6,2,18,17,1,2017-04-04,71,77,2017-04-04
2016-17,22016,2544,0021601169,"Apr 05, 2017",CLE @ BOS,W,39,14,22,0.636,1,4,0.25,7,7,1.0,2,8,10,6,1,2,3,3,36,32,1,2017-04-05,72,78,2017-04-05
2016-17,22016,2544,0021601179,"Apr 07, 2017",CLE vs. ATL,L,41,12,15,0.8,1,2,0.5,2,6,0.333,1,7,8,7,2,0,5,0,27,-15,1,2017-04-07,73,79,2017-04-07
2016-17,22016,2544,0021601197,"Apr 09, 2017",CLE @ ATL,L,47,11,21,0.524,1,3,0.333,9,10,0.9,3,13,16,10,1,0,3,6,32,2,1,2017-04-09,74,80,2017-04-09
2017-18,22017,2544,0021700001,"Oct 17, 2017",CLE vs. BOS,W,41,12,19,0.632,1,5,0.2,4,4,1.0,1,15,16,9,0,2,4,3,29,3,1,2017-10-17,1,1,2017-10-17
2017-18,22017,2544,0021700021,"Oct 20, 2017",CLE @ MIL,W,37,10,16,0.625,2,4,0.5,2,2,1.0,1,4,5,8,1,1,5,2,24,13,1,2017-10-20,2,2,2017-10-20
2017-18,22017,2544,0021700028,"Oct 21, 2017",CLE vs. ORL,L,31,8,15,0.533,1,3,0.333,5,6,0.833,0,4,4,2,1,1,1,0,22,-31,1,2017-10-21,3,3,2017-10-21
2017-18,22017,2544,0021700049,"Oct 24, 2017",CLE vs. CHI,W,37,13,20,0.65,4,6,0.667,4,5,0.8,0,2,2,13,3,0,2,1,34,7,2,2017-10-24,4,4,2017-10-24
2017-18,22017,2544,0021700058,"Oct 25, 2017",CLE @ BKN,L,41,12,20,0.6,1,2,0.5,4,8,0.5,1,9,10,13,0,4,8,1,29,-2,1,2017-10-25,5,5,2017-10-25
2017-18,22017,2544,0021700077,"Oct 28, 2017",CLE @ NOP,L,31,6,11,0.545,1,3,0.333,5,6,0.833,0,3,3,8,0,0,4,3,18,-10,1,2017-10-28,6,6,2017-10-28
2017-18,22017,2544,0021700090,"Oct 29, 2017",CLE vs. NYK,L,39,7,15,0.467,1,4,0.25,1,1,1.0,1,9,10,7,2,0,4,2,16,-17,1,2017-10-29,7,7,2017-10-29
2017-18,22017,2544,0021700106,"Nov 01, 2017",CLE vs. IND,L,37,14,22,0.636,1,5,0.2,4,5,0.8,1,5,6,11,2,1,8,1,33,-12,2,2017-11-01,8,8,2017-11-01
2017-18,22017,2544,0021700122,"Nov 03, 2017",CLE @ WAS,W,43,23,34,0.676,2,4,0.5,9,9,1.0,5,6,11,7,3,2,3,2,57,6,1,2017-11-03,9,9,2017-11-03
2017-18,22017,2544,0021700136,"Nov 05, 2017",CLE vs. ATL,L,41,10,17,0.588,0,3,0.0,6,6,1.0,2,3,5,13,1,2,6,4,26,-4,1,2017-11-05,10,10,2017-11-05
2017-18,22017,2544,0021700149,"Nov 07, 2017",CLE vs. MIL,W,37,10,20,0.5,2,4,0.5,8,10,0.8,1,7,8,9,3,0,1,1,30,6,1,2017-11-07,11,11,2017-11-07
2017-18,22017,2544,0021700166,"Nov 09, 2017",CLE @ HOU,L,40,15,24,0.625,1,4,0.25,2,3,0.667,0,4,4,7,1,1,8,4,33,5,1,2017-11-09,12,12,2017-11-09
2017-18,22017,2544,0021700181,"Nov 11, 2017",CLE @ DAL,W,42,6,14,0.429,1,3,0.333,6,8,0.75,1,10,11,4,0,1,6,3,19,5,1,2017-11-11,13,13,2017-11-11
2017-18,22017,2544,0021700193,"Nov 13, 2017",CLE @ NYK,W,36,7,14,0.5,2,4,0.5,7,10,0.7,3,6,9,12,0,3,5,1,23,3,2,2017-11-13,14,14,2017-11-13
2017-18,22017,2544,0021700207,"Nov 15, 2017",CLE @ CHA,W,37,12,24,0.5,4,7,0.571,3,3,1.0,2,4,6,8,2,1,3,4,31,1,1,2017-11-15,15,15,2017-11-15
2017-18,22017,2544,0021700220,"Nov 17, 2017",CLE vs. LAC,W,46,17,26,0.654,4,9,0.444,1,5,0.2,1,13,14,6,0,0,6,0,39,1,1,2017-11-17,16,16,2017-11-17
2017-18,22017,2544,0021700242,"Nov 20, 2017",CLE @ DET,W,27,7,14,0.5,3,5,0.6,1,1,1.0,0,2,2,8,1,1,0,2,18,21,1,2017-11-20,17,17,2017-11-20
2017-18,22017,2544,0021700254,"Nov 22, 2017",CLE vs. BKN,W,33,11,17,0.647,4,7,0.571,7,9,0.778,1,5,6,5,2,0,3,2,33,20,1,2017-11-22,18,18,2017-11-22
2017-18,22017,2544,0021700270,"Nov 24, 2017",CLE vs. CHA,W,40,10,20,0.5,3,8,0.375,4,7,0.571,1,15,16,13,0,3,3,2,27,-2,1,2017-11-24,19,19,2017-11-24
2017-18,22017,2544,0021700291,"Nov 27, 2017",CLE @ PHI,W,31,12,23,0.522,3,7,0.429,3,4,0.75,3,11,14,6,0,0,3,0,30,1,1,2017-11-27,20,20,2017-11-27
2017-18,22017,2544,0021700298,"Nov 28, 2017",CLE vs. MIA,W,28,10,16,0.625,1,3,0.333,0,1,0.0,2,10,12,6,5,1,2,1,21,26,1,2017-11-28,21,21,2017-11-28
2017-18,22017,2544,0021700313,"Nov 30, 2017",CLE @ ATL,W,38,8,11,0.727,3,6,0.5,5,7,0.714,1,5,6,12,2,2,3,3,24,10,1,2017-11-30,22,22,2017-11-30
2017-18,22017,2544,0021700329,"Dec 02, 2017",CLE vs. MEM,W,39,13,22,0.591,0,3,0.0,8,8,1.0,0,2,2,12,0,1,5,1,34,-5,1,2017-12-02,23,23,2017-12-02
2017-18,22017,2544,0021700344,"Dec 04, 2017",CLE @ CHI,W,34,9,15,0.6,2,4,0.5,3,4,0.75,0,7,7,6,2,0,2,1,23,27,1,2017-12-04,24,24,2017-12-04
2017-18,22017,2544,0021700353,"Dec 06, 2017",CLE vs. SAC,W,41,12,18,0.667,5,8,0.625,3,6,0.5,2,9,11,9,3,2,7,0,32,2,1,2017-12-06,25,25,2017-12-06
2017-18,22017,2544,0021700369,"Dec 08, 2017",CLE @ IND,L,39,12,22,0.545,1,5,0.2,4,5,0.8,2,8,10,8,1,2,3,1,29,3,1,2017-12-08,26,26,2017-12-08
2017-18,22017,2544,0021700379,"Dec 09, 2017",CLE vs. PHI,W,39,9,23,0.391,2,6,0.333,10,12,0.833,3,10,13,13,3,0,6,1,30,-3,1,2017-12-09,27,27,2017-12-09
2017-18,22017,2544,0021700397,"Dec 12, 2017",CLE vs. ATL,W,35,11,13,0.846,2,3,0.667,1,2,0.5,0,7,7,17,2,0,2,4,25,19,1,2017-12-12,28,28,2017-12-12
2017-18,22017,2544,0021700415,"Dec 14, 2017",CLE vs. LAL,W,39,8,18,0.444,1,6,0.167,8,12,0.667,1,11,12,12,2,2,5,0,25,14,1,2017-12-14,29,29,2017-12-14
2017-18,22017,2544,0021700430,"Dec 16, 2017",CLE vs. UTA,W,37,9,15,0.6,1,4,0.25,10,10,1.0,0,11,11,10,1,0,5,2,29,0,1,2017-12-16,30,30,2017-12-16
2017-18,22017,2544,0021700440,"Dec 17, 2017",CLE @ WAS,W,41,8,23,0.348,2,7,0.286,2,3,0.667,2,9,11,15,0,1,6,4,20,4,1,2017-12-17,31,31,2017-12-17
2017-18,22017,2544,0021700453,"Dec 19, 2017",CLE @ MIL,L,34,14,22,0.636,6,11,0.545,5,5,1.0,0,1,1,7,3,2,7,1,39,-7,1,2017-12-19,32,32,2017-12-19
2017-18,22017,2544,0021700466,"Dec 21, 2017",CLE vs. CHI,W,39,12,23,0.522,2,5,0.4,8,8,1.0,1,5,6,9,3,0,4,1,34,5,1,2017-12-21,33,33,2017-12-21
2017-18,22017,2544,0021700494,"Dec 25, 2017",CLE @ GSW,L,40,7,18,0.389,2,7,0.286,4,7,0.571,1,5,6,6,0,0,7,2,20,-1,1,2017-12-25,34,34,2017-12-25
2017-18,22017,2544,0021700513,"Dec 27, 2017",CLE @ SAC,L,38,6,17,0.353,0,2,0.0,4,5,0.8,2,8,10,14,5,0,4,2,16,-11,1,2017-12-27,35,35,2017-12-27
2017-18,22017,2544,0021700534,"Dec 30, 2017",CLE @ UTA,L,37,12,22,0.545,1,7,0.143,4,5,0.8,1,7,8,6,2,1,6,1,29,-5,1,2017-12-30,36,36,2017-12-30
2017-18,22017,2544,0021700549,"Jan 02, 2018",CLE vs. POR,W,34,10,17,0.588,0,2,0.0,4,4,1.0,1,5,6,8,4,1,3,2,24,0,1,2018-01-02,37,37,2018-01-02
2017-18,22017,2544,0021700559,"Jan 03, 2018",CLE @ BOS,L,33,8,15,0.533,0,2,0.0,3,3,1.0,0,7,7,6,1,1,4,1,19,-6,1,2018-01-03,38,38,2018-01-03
2017-18,22017,2544,0021700582,"Jan 06, 2018",CLE @ ORL,W,37,12,23,0.522,4,7,0.571,5,7,0.714,3,7,10,9,6,1,3,1,33,15,1,2018-01-06,39,39,2018-01-06
2017-18,22017,2544,0021700594,"Jan 08, 2018",CLE @ MIN,L,27,4,8,0.5,1,3,0.333,1,3,0.333,1,7,8,5,0,2,3,2,10,-39,1,2018-01-08,40,40,2018-01-08
2017-18,22017,2544,0021700615,"Jan 11, 2018",CLE @ TOR,L,32,9,16,0.563,0,1,0.0,8,10,0.8,0,3,3,1,1,2,2,1,26,-22,1,2018-01-11,41,41,2018-01-11
2017-18,22017,2544,0021700619,"Jan 12, 2018",CLE @ IND,L,40,11,25,0.44,2,9,0.222,3,4,0.75,2,6,8,11,3,1,5,2,27,-6,1,2018-01-12,42,42,2018-01-12
2017-18,22017,2544,0021700646,"Jan 15, 2018",CLE vs. GSW,L,36,12,18,0.667,0,2,0.0,8,13,0.615,2,6,8,6,3,4,8,3,32,-14,1,2018-01-15,43,43,2018-01-15
2017-18,22017,2544,0021700664,"Jan 18, 2018",CLE vs. ORL,W,35,7,16,0.438,0,4,0.0,2,8,0.25,1,4,5,6,1,0,6,1,16,-4,1,2018-01-18,44,44,2018-01-18
2017-18,22017,2544,0021700674,"Jan 20, 2018",CLE vs. OKC,L,38,8,17,0.471,0,4,0.0,2,4,0.5,0,3,3,7,0,1,2,2,18,-33,1,2018-01-20,45,45,2018-01-20
2017-18,22017,2544,0021700698,"Jan 23, 2018",CLE @ SAS,L,38,10,23,0.435,2,6,0.333,6,10,0.6,2,7,9,7,0,1,5,0,28,-10,1,2018-01-23,46,46,2018-01-23
2017-18,22017,2544,0021700715,"Jan 26, 2018",CLE vs. IND,W,40,11,17,0.647,0,2,0.0,4,5,0.8,0,10,10,11,4,1,11,0,26,12,1,2018-01-26,47,47,2018-01-26
2017-18,22017,2544,0021700734,"Jan 28, 2018",CLE vs. DET,W,38,8,15,0.533,1,4,0.25,8,9,0.889,1,7,8,14,1,0,3,0,25,18,1,2018-01-28,48,48,2018-01-28
2017-18,22017,2544,0021700747,"Jan 30, 2018",CLE @ DET,L,38,9,20,0.45,2,7,0.286,1,2,0.5,0,6,6,7,0,1,4,2,21,-13,1,2018-01-30,49,49,2018-01-30
2017-18,22017,2544,0021700757,"Jan 31, 2018",CLE vs. MIA,W,38,8,21,0.381,1,6,0.167,7,11,0.636,2,9,11,5,1,0,7,1,24,3,1,2018-01-31,50,50,2018-01-31
2017-18,22017,2544,0021700779,"Feb 03, 2018",CLE vs. HOU,L,31,3,10,0.3,1,2,0.5,4,4,1.0,1,8,9,9,2,1,2,0,11,-17,1,2018-02-03,51,51,2018-02-03
2017-18,22017,2544,0021700797,"Feb 06, 2018",CLE @ ORL,L,33,10,17,0.588,2,4,0.5,3,4,0.75,1,9,10,5,1,0,6,4,25,-14,1,2018-02-06,52,52,2018-02-06
2017-18,22017,2544,0021700807,"Feb 07, 2018",CLE vs. MIN,W,48,16,22,0.727,5,7,0.714,0,2,0.0,1,9,10,15,1,1,5,3,37,-1,1,2018-02-07,53,53,2018-02-07
2017-18,22017,2544,0021700819,"Feb 09, 2018",CLE @ ATL,W,41,8,20,0.4,0,3,0.0,6,7,0.857,2,10,12,19,0,0,3,2,22,12,1,2018-02-09,54,54,2018-02-09
2017-18,22017,2544,0021700835,"Feb 11, 2018",CLE @ BOS,W,28,9,20,0.45,2,5,0.4,4,7,0.571,0,8,8,10,1,1,2,1,24,23,1,2018-02-11,55,55,2018-02-11
2017-18,22017,2544,0021700850,"Feb 13, 2018",CLE @ OKC,W,40,14,23,0.609,3,7,0.429,6,10,0.6,0,8,8,8,0,1,5,1,37,-1,1,2018-02-13,56,56,2018-02-13
2017-18,22017,2544,0021700869,"Feb 22, 2018",CLE vs. WAS,L,37,13,18,0.722,1,4,0.25,5,9,0.556,1,8,9,8,2,0,4,2,32,-10,1,2018-02-22,57,57,2018-02-22
2017-18,22017,2544,0021700878,"Feb 23, 2018",CLE @ MEM,W,37,7,16,0.438,0,2,0.0,4,4,1.0,0,14,14,11,1,0,3,0,18,18,1,2018-02-23,58,58,2018-02-23
2017-18,22017,2544,0021700894,"Feb 25, 2018",CLE vs. SAS,L,40,14,25,0.56,2,5,0.4,3,4,0.75,2,11,13,9,1,0,6,3,33,-8,1,2018-02-25,59,59,2018-02-25
2017-18,22017,2544,0021700908,"Feb 27, 2018",CLE vs. BKN,W,39,13,25,0.52,2,4,0.5,3,3,1.0,4,8,12,11,1,0,1,1,31,2,1,2018-02-27,60,60,2018-02-27
2017-18,22017,2544,0021700923,"Mar 01, 2018",CLE vs. PHI,L,39,12,24,0.5,2,6,0.333,4,6,0.667,1,8,9,8,1,0,3,2,30,-8,1,2018-03-01,61,61,2018-03-01
2017-18,22017,2544,0021700937,"Mar 03, 2018",CLE vs. DEN,L,42,8,19,0.421,1,4,0.25,8,11,0.727,1,9,10,15,2,0,3,2,25,-6,1,2018-03-03,62,62,2018-03-03
2017-18,22017,2544,0021700950,"Mar 05, 2018",CLE vs. DET,W,29,11,17,0.647,5,7,0.714,4,6,0.667,2,5,7,7,1,0,3,2,31,14,1,2018-03-05,63,63,2018-03-05
2017-18,22017,2544,0021700970,"Mar 07, 2018",CLE @ DEN,W,39,15,25,0.6,5,8,0.625,4,8,0.5,1,7,8,10,1,0,3,2,39,8,1,2018-03-07,64,64,2018-03-07
2017-18,22017,2544,0021700986,"Mar 09, 2018",CLE @ LAC,L,39,11,20,0.55,3,7,0.429,0,2,0.0,0,10,10,6,2,3,5,2,25,-16,1,2018-03-09,65,65,2018-03-09
2017-18,22017,2544,0021701000,"Mar 11, 2018",CLE @ LAL,L,31,9,20,0.45,2,8,0.25,4,5,0.8,2,8,10,7,1,1,2,0,24,-13,1,2018-03-11,66,66,2018-03-11
2017-18,22017,2544,0021701014,"Mar 13, 2018",CLE @ PHX,W,33,7,14,0.5,1,2,0.5,13,15,0.867,0,12,12,11,3,2,5,2,28,23,1,2018-03-13,67,67,2018-03-13
2017-18,22017,2544,0021701028,"Mar 15, 2018",CLE @ POR,L,41,15,25,0.6,1,4,0.25,4,9,0.444,0,14,14,6,2,3,6,4,35,-3,1,2018-03-15,68,68,2018-03-15
2017-18,22017,2544,0021701039,"Mar 17, 2018",CLE @ CHI,W,40,15,26,0.577,2,8,0.25,1,4,0.25,1,12,13,12,1,2,6,3,33,-4,1,2018-03-17,69,69,2018-03-17
2017-18,22017,2544,0021701050,"Mar 19, 2018",CLE vs. MIL,W,40,16,29,0.552,3,7,0.429,5,8,0.625,5,7,12,10,2,1,6,2,40,4,1,2018-03-19,70,70,2018-03-19
2017-18,22017,2544,0021701065,"Mar 21, 2018",CLE vs. TOR,W,39,11,19,0.579,1,3,0.333,12,14,0.857,1,6,7,17,1,0,0,2,35,12,1,2018-03-21,71,71,2018-03-21
2017-18,22017,2544,0021701080,"Mar 23, 2018",CLE vs. PHX,W,29,11,16,0.688,1,4,0.25,4,6,0.667,0,6,6,9,1,1,4,3,27,11,1,2018-03-23,72,72,2018-03-23
2017-18,22017,2544,0021701094,"Mar 25, 2018",CLE @ BKN,W,38,14,19,0.737,1,4,0.25,8,10,0.8,2,8,10,8,1,0,2,3,37,11,1,2018-03-25,73,73,2018-03-25
2017-18,22017,2544,0021701110,"Mar 27, 2018",CLE @ MIA,L,38,7,18,0.389,0,4,0.0,4,5,0.8,1,5,6,7,0,0,6,1,18,-19,1,2018-03-27,74,74,2018-03-27
2017-18,22017,2544,0021701116,"Mar 28, 2018",CLE @ CHA,W,37,14,26,0.538,4,8,0.5,9,11,0.818,2,8,10,8,1,0,4,1,41,21,1,2018-03-28,75,75,2018-03-28
2017-18,22017,2544,0021701131,"Mar 30, 2018",CLE vs. NOP,W,42,12,24,0.5,0,4,0.0,3,3,1.0,1,8,9,11,1,0,1,0,27,16,1,2018-03-30,76,76,2018-03-30
2017-18,22017,2544,0021701149,"Apr 01, 2018",CLE vs. DAL,W,39,5,21,0.238,2,3,0.667,4,4,1.0,3,10,13,12,0,0,2,1,16,7,1,2018-04-01,77,77,2018-04-01
2017-18,22017,2544,0021701156,"Apr 03, 2018",CLE vs. TOR,W,37,8,14,0.571,3,6,0.5,8,11,0.727,0,10,10,6,0,0,5,2,27,12,1,2018-04-03,78,78,2018-04-03
2017-18,22017,2544,0021701176,"Apr 05, 2018",CLE vs. WAS,W,39,12,20,0.6,2,7,0.286,7,10,0.7,2,7,9,14,0,0,6,2,33,13,1,2018-04-05,79,79,2018-04-05
2017-18,22017,2544,0021701183,"Apr 06, 2018",CLE @ PHI,L,40,17,29,0.586,4,8,0.5,6,11,0.545,1,10,11,11,2,1,8,0,44,7,1,2018-04-06,80,80,2018-04-06
2017-18,22017,2544,0021701207,"Apr 09, 2018",CLE @ NYK,W,39,7,16,0.438,3,6,0.5,9,10,0.9,0,6,6,11,1,0,4,2,26,16,1,2018-04-09,81,81,2018-04-09
2017-18,22017,2544,0021701220,"Apr 11, 2018",CLE vs. NYK,L,11,4,9,0.444,0,2,0.0,2,3,0.667,1,4,5,2,1,0,3,0,10,5,1,2018-04-11,82,82,2018-04-11
2018-19,22018,2544,0021800016,"Oct 18, 2018",LAL @ POR,L,37,9,16,0.563,0,4,0.0,8,9,0.889,2,10,12,6,1,0,6,3,26,-4,1,2018-10-18,1,1,2018-10-18
2018-19,22018,2544,0021800035,"Oct 20, 2018",LAL vs. HOU,L,39,9,22,0.409,1,7,0.143,5,7,0.714,0,5,5,5,2,1,1,0,24,-13,1,2018-10-20,2,2,2018-10-20
2018-19,22018,2544,0021800048,"Oct 22, 2018",LAL vs. SAS,L,43,11,25,0.44,2,8,0.25,8,11,0.727,2,6,8,14,1,1,5,2,32,-5,1,2018-10-22,3,3,2018-10-22
2018-19,22018,2544,0021800060,"Oct 24, 2018",LAL @ PHX,W,28,7,16,0.438,1,5,0.2,4,4,1.0,0,7,7,10,3,0,0,1,19,19,1,2018-10-24,4,4,2018-10-24
2018-19,22018,2544,0021800066,"Oct 25, 2018",LAL vs. DEN,W,35,10,17,0.588,1,5,0.2,7,10,0.7,0,11,11,11,3,0,2,3,28,13,1,2018-10-25,5,5,2018-10-25
2018-19,22018,2544,0021800082,"Oct 27, 2018",LAL @ SAS,L,34,13,21,0.619,2,6,0.333,7,8,0.875,1,10,11,4,2,0,4,3,35,-1,1,2018-10-27,6,6,2018-10-27
2018-19,22018,2544,0021800093,"Oct 29, 2018",LAL @ MIN,L,36,11,23,0.478,3,6,0.5,4,5,0.8,3,7,10,8,2,2,5,2,29,-6,1,2018-10-29,7,7,2018-10-29
2018-19,22018,2544,0021800109,"Oct 31, 2018",LAL vs. DAL,W,39,11,19,0.579,2,3,0.667,5,7,0.714,0,5,5,6,3,0,3,3,29,5,1,2018-10-31,8,8,2018-10-31
2018-19,22018,2544,0021800132,"Nov 03, 2018",LAL @ POR,W,31,9,20,0.45,1,5,0.2,9,11,0.818,0,5,5,7,0,2,3,1,28,-22,1,2018-11-03,9,9,2018-11-03
2018-19,22018,2544,0021800139,"Nov 04, 2018",LAL vs. TOR,L,28,6,12,0.5,2,3,0.667,4,7,0.571,0,2,2,6,0,1,3,3,18,-16,1,2018-11-04,10,10,2018-11-04
2018-19,22018,2544,0021800162,"Nov 07, 2018",LAL vs. MIN,W,39,10,21,0.476,3,9,0.333,1,2,0.5,1,10,11,9,0,2,3,1,24,3,1,2018-11-07,11,11,2018-11-07
2018-19,22018,2544,0021800183,"Nov 10, 2018",LAL @ SAC,W,31,10,18,0.556,3,6,0.5,2,3,0.667,1,6,7,2,1,0,3,2,25,2,1,2018-11-10,12,12,2018-11-10
2018-19,22018,2544,0021800189,"Nov 11, 2018",LAL vs. ATL,W,34,10,20,0.5,3,9,0.333,3,7,0.429,3,4,7,4,2,0,4,1,26,22,1,2018-11-11,13,13,2018-11-11
2018-19,22018,2544,0021800212,"Nov 14, 2018",LAL vs. POR,W,36,13,19,0.684,5,6,0.833,13,15,0.867,2,8,10,9,1,3,4,0,44,4,1,2018-11-14,14,14,2018-11-14
2018-19,22018,2544,0021800227,"Nov 17, 2018",LAL @ ORL,L,26,8,19,0.421,3,6,0.5,3,4,0.75,0,4,4,7,0,1,3,0,22,-11,1,2018-11-17,15,15,2018-11-17
2018-19,22018,2544,0021800235,"Nov 18, 2018",LAL @ MIA,W,38,19,31,0.613,6,8,0.75,7,10,0.7,1,7,8,3,2,1,2,3,51,20,1,2018-11-18,16,16,2018-11-18
2018-19,22018,2544,0021800256,"Nov 21, 2018",LAL @ CLE,W,36,11,20,0.55,2,6,0.333,8,12,0.667,2,12,14,7,0,1,4,3,32,9,1,2018-11-21,17,17,2018-11-21
2018-19,22018,2544,0021800278,"Nov 23, 2018",LAL vs. UTA,W,35,8,17,0.471,2,5,0.4,4,6,0.667,1,9,10,7,2,1,5,1,22,13,1,2018-11-23,18,18,2018-11-23
2018-19,22018,2544,0021800286,"Nov 25, 2018",LAL vs. ORL,L,40,8,14,0.571,2,7,0.286,6,11,0.545,0,4,4,7,0,1,6,4,24,-14,1,2018-11-25,19,19,2018-11-25
2018-19,22018,2544,0021800304,"Nov 27, 2018",LAL @ DEN,L,30,5,15,0.333,0,4,0.0,4,6,0.667,0,7,7,2,2,2,4,0,14,-23,1,2018-11-27,20,20,2018-11-27
2018-19,22018,2544,0021800317,"Nov 29, 2018",LAL vs. IND,W,38,15,27,0.556,2,7,0.286,6,10,0.6,1,8,9,7,2,0,4,2,38,19,1,2018-11-29,21,21,2018-11-29
2018-19,22018,2544,0021800328,"Nov 30, 2018",LAL vs. DAL,W,31,12,21,0.571,2,4,0.5,2,4,0.5,2,3,5,4,0,1,4,3,28,10,1,2018-11-30,22,22,2018-11-30
2018-19,22018,2544,0021800337,"Dec 02, 2018",LAL vs. PHX,W,31,9,17,0.529,1,5,0.2,3,4,0.75,0,6,6,8,0,1,5,0,22,12,1,2018-12-02,23,23,2018-12-02
2018-19,22018,2544,0021800364,"Dec 05, 2018",LAL vs. SAS,W,40,15,24,0.625,3,7,0.429,9,13,0.692,0,5,5,6,2,0,2,1,42,19,1,2018-12-05,24,24,2018-12-05
2018-19,22018,2544,0021800375,"Dec 07, 2018",LAL @ SAS,L,37,13,28,0.464,3,8,0.375,6,9,0.667,2,6,8,11,2,0,1,4,35,-19,1,2018-12-07,25,25,2018-12-07
2018-19,22018,2544,0021800384,"Dec 08, 2018",LAL @ MEM,W,32,9,18,0.5,0,3,0.0,2,3,0.667,1,7,8,9,2,0,5,2,20,21,1,2018-12-08,26,26,2018-12-08
2018-19,22018,2544,0021800401,"Dec 10, 2018",LAL vs. MIA,W,38,10,19,0.526,4,7,0.571,4,8,0.5,0,9,9,12,1,0,2,0,28,18,1,2018-12-10,27,27,2018-12-10
2018-19,22018,2544,0021800416,"Dec 13, 2018",LAL @ HOU,L,36,12,18,0.667,3,6,0.5,2,6,0.333,0,5,5,4,2,0,3,1,29,-9,1,2018-12-13,28,28,2018-12-13
2018-19,22018,2544,0021800430,"Dec 15, 2018",LAL @ CHA,W,30,7,15,0.467,2,6,0.333,8,12,0.667,1,11,12,11,1,0,3,0,24,31,1,2018-12-15,29,29,2018-12-15
2018-19,22018,2544,0021800439,"Dec 16, 2018",LAL @ WAS,L,32,5,16,0.313,0,2,0.0,3,6,0.5,0,6,6,3,0,1,4,0,13,-21,1,2018-12-16,30,30,2018-12-16
2018-19,22018,2544,0021800453,"Dec 18, 2018",LAL @ BKN,L,41,13,23,0.565,2,7,0.286,8,13,0.615,1,12,13,8,1,1,5,1,36,4,1,2018-12-18,31,31,2018-12-18
2018-19,22018,2544,0021800478,"Dec 21, 2018",LAL vs. NOP,W,39,8,20,0.4,0,4,0.0,6,9,0.667,2,10,12,14,2,0,2,3,22,13,1,2018-12-21,32,32,2018-12-21
2018-19,22018,2544,0021800496,"Dec 23, 2018",LAL vs. MEM,L,36,8,14,0.571,2,5,0.4,4,4,1.0,1,13,14,7,1,1,4,0,22,-3,1,2018-12-23,33,33,2018-12-23
2018-19,22018,2544,0021800500,"Dec 25, 2018",LAL @ GSW,W,21,6,11,0.545,0,2,0.0,5,8,0.625,2,11,13,5,1,0,2,1,17,5,1,2018-12-25,34,34,2018-12-25
2018-19,22018,2544,0021800769,"Jan 31, 2019",LAL @ LAC,W,40,9,22,0.409,1,6,0.167,5,7,0.714,1,13,14,9,1,0,4,0,24,2,1,2019-01-31,35,52,2019-01-31
2018-19,22018,2544,0021800798,"Feb 05, 2019",LAL @ IND,L,30,7,12,0.583,2,5,0.4,2,3,0.667,0,7,7,9,1,0,6,1,18,-17,1,2019-02-05,36,54,2019-02-05
2018-19,22018,2544,0021800814,"Feb 07, 2019",LAL @ BOS,W,38,11,21,0.524,5,10,0.5,1,5,0.2,2,10,12,12,3,0,3,4,28,11,1,2019-02-07,37,55,2019-02-07
2018-19,22018,2544,0021800835,"Feb 10, 2019",LAL @ PHI,L,33,8,16,0.5,2,6,0.333,0,0,0.0,0,10,10,9,0,0,4,3,18,0,1,2019-02-10,38,56,2019-02-10
2018-19,22018,2544,0021800848,"Feb 12, 2019",LAL @ ATL,L,43,8,20,0.4,3,10,0.3,9,11,0.818,2,9,11,16,3,1,2,3,28,0,1,2019-02-12,39,57,2019-02-12
2018-19,22018,2544,0021800872,"Feb 21, 2019",LAL vs. HOU,W,40,11,23,0.478,0,4,0.0,7,10,0.7,4,8,12,6,1,1,4,1,29,6,1,2019-02-21,40,58,2019-02-21
2018-19,22018,2544,0021800887,"Feb 23, 2019",LAL @ NOP,L,39,11,17,0.647,3,6,0.5,2,6,0.333,0,7,7,12,4,1,4,0,27,-10,1,2019-02-23,41,59,2019-02-23
2018-19,22018,2544,0021800904,"Feb 25, 2019",LAL @ MEM,L,40,8,23,0.348,0,4,0.0,8,10,0.8,3,9,12,11,3,0,5,3,24,2,1,2019-02-25,42,60,2019-02-25
2018-19,22018,2544,0021800921,"Feb 27, 2019",LAL vs. NOP,W,37,13,24,0.542,4,9,0.444,3,8,0.375,1,5,6,10,2,1,2,2,33,2,1,2019-02-27,43,61,2019-02-27
2018-19,22018,2544,0021800934,"Mar 01, 2019",LAL vs. MIL,L,39,10,19,0.526,3,8,0.375,8,10,0.8,2,5,7,10,1,0,3,2,31,-4,1,2019-03-01,44,62,2019-03-01
2018-19,22018,2544,0021800942,"Mar 02, 2019",LAL @ PHX,L,41,10,21,0.476,4,9,0.444,3,7,0.429,0,9,9,16,0,0,3,2,27,-1,1,2019-03-02,45,63,2019-03-02
2018-19,22018,2544,0021800958,"Mar 04, 2019",LAL vs. LAC,L,42,9,18,0.5,1,6,0.167,8,12,0.667,0,8,8,6,1,1,2,3,27,-11,1,2019-03-04,46,64,2019-03-04
2018-19,22018,2544,0021800974,"Mar 06, 2019",LAL vs. DEN,L,31,13,22,0.591,2,7,0.286,3,8,0.375,0,7,7,7,1,1,4,4,31,-8,1,2019-03-06,47,65,2019-03-06
2018-19,22018,2544,0021800989,"Mar 09, 2019",LAL vs. BOS,L,28,13,23,0.565,1,5,0.2,3,7,0.429,2,8,10,12,0,0,3,0,30,11,1,2019-03-09,48,66,2019-03-09
2018-19,22018,2544,0021801009,"Mar 12, 2019",LAL @ CHI,W,33,15,23,0.652,2,4,0.5,4,5,0.8,1,9,10,4,2,0,5,2,36,9,1,2019-03-12,49,67,2019-03-12
2018-19,22018,2544,0021801023,"Mar 14, 2019",LAL @ TOR,L,32,12,23,0.522,1,5,0.2,4,7,0.571,0,4,4,6,1,0,4,2,29,0,1,2019-03-14,50,68,2019-03-14
2018-19,22018,2544,0021801042,"Mar 17, 2019",LAL @ NYK,L,35,11,26,0.423,0,6,0.0,11,13,0.846,2,4,6,8,0,1,2,2,33,9,2,2019-03-17,51,70,2019-03-17
2018-19,22018,2544,0021801086,"Mar 22, 2019",LAL vs. BKN,L,37,8,25,0.32,1,7,0.143,8,12,0.667,3,6,9,14,1,1,8,3,25,-2,1,2019-03-22,52,72,2019-03-22
2018-19,22018,2544,0021801102,"Mar 24, 2019",LAL vs. SAC,W,35,9,22,0.409,3,6,0.5,8,9,0.889,2,9,11,11,2,1,4,1,29,5,1,2019-03-24,53,73,2019-03-24
2018-19,22018,2544,0021801116,"Mar 26, 2019",LAL vs. WAS,W,34,11,20,0.55,1,6,0.167,0,2,0.0,0,7,7,14,1,0,3,1,23,3,1,2019-03-26,54,74,2019-03-26
2018-19,22018,2544,0021801135,"Mar 29, 2019",LAL vs. CHA,W,32,11,19,0.579,4,7,0.571,1,2,0.5,0,3,3,9,0,0,6,1,27,14,1,2019-03-29,55,76,2019-03-29
2019-20,22019,2544,0021900002,"Oct 22, 2019",LAL @ LAC,L,36,7,19,0.368,1,5,0.2,3,4,0.75,1,9,10,8,1,1,5,3,18,-8,1,2019-10-22,1,1,2019-10-22
2019-20,22019,2544,0021900025,"Oct 25, 2019",LAL vs. UTA,W,31,12,22,0.545,1,4,0.25,7,8,0.875,2,5,7,10,1,0,1,0,32,17,1,2019-10-25,2,2,2019-10-25
2019-20,22019,2544,0021900040,"Oct 27, 2019",LAL vs. CHA,W,35,7,14,0.5,1,3,0.333,5,5,1.0,1,5,6,12,1,0,4,0,20,17,1,2019-10-27,3,3,2019-10-27
2019-20,22019,2544,0021900054,"Oct 29, 2019",LAL vs. MEM,W,28,8,15,0.533,2,5,0.4,5,7,0.714,0,2,2,8,0,1,6,0,23,2,1,2019-10-29,4,4,2019-10-29
2019-20,22019,2544,0021900074,"Nov 01, 2019",LAL @ DAL,W,43,13,23,0.565,4,9,0.444,9,11,0.818,0,12,12,16,4,1,4,5,39,15,1,2019-11-01,5,5,2019-11-01
2019-20,22019,2544,0021900088,"Nov 03, 2019",LAL @ SAS,W,37,8,23,0.348,0,6,0.0,5,10,0.5,1,10,11,13,2,1,5,2,21,15,1,2019-11-03,6,6,2019-11-03
2019-20,22019,2544,0021900100,"Nov 05, 2019",LAL @ CHI,W,35,10,19,0.526,2,6,0.333,8,9,0.889,0,10,10,11,2,1,2,3,30,17,1,2019-11-05,7,7,2019-11-05
2019-20,22019,2544,0021900126,"Nov 08, 2019",LAL vs. MIA,W,36,10,19,0.526,4,7,0.571,1,2,0.5,1,3,4,6,0,0,3,2,25,16,1,2019-11-08,8,8,2019-11-08
2019-20,22019,2544,0021900139,"Nov 10, 2019",LAL vs. TOR,L,35,5,15,0.333,0,2,0.0,3,6,0.5,3,10,13,15,0,1,2,0,13,-6,1,2019-11-10,9,9,2019-11-10
2019-20,22019,2544,0021900151,"Nov 12, 2019",LAL @ PHX,W,37,8,18,0.444,1,4,0.25,2,7,0.286,0,7,7,11,0,0,1,0,19,-2,1,2019-11-12,10,10,2019-11-12
2019-20,22019,2544,0021900159,"Nov 13, 2019",LAL vs. GSW,W,26,11,21,0.524,1,5,0.2,0,1,0.0,2,4,6,12,1,1,4,1,23,13,1,2019-11-13,11,11,2019-11-13
2019-20,22019,2544,0021900174,"Nov 15, 2019",LAL vs. SAC,W,39,10,20,0.5,2,7,0.286,7,7,1.0,3,1,4,11,3,0,2,1,29,13,1,2019-11-15,12,12,2019-11-15
2019-20,22019,2544,0021900188,"Nov 17, 2019",LAL vs. ATL,W,33,13,21,0.619,6,10,0.6,1,1,1.0,0,7,7,12,1,1,0,1,33,30,1,2019-11-17,13,13,2019-11-17
2019-20,22019,2544,0021900201,"Nov 19, 2019",LAL vs. OKC,W,37,10,21,0.476,2,5,0.4,3,5,0.6,0,11,11,10,2,0,7,2,25,6,1,2019-11-19,14,14,2019-11-19
2019-20,22019,2544,0021900220,"Nov 22, 2019",LAL @ OKC,W,36,9,20,0.45,1,3,0.333,4,6,0.667,1,5,6,14,1,1,5,2,23,3,1,2019-11-22,15,15,2019-11-22
2019-20,22019,2544,0021900232,"Nov 23, 2019",LAL @ MEM,W,39,14,27,0.519,2,9,0.222,0,0,0.0,1,5,6,4,2,0,5,1,30,7,1,2019-11-23,16,16,2019-11-23
2019-20,22019,2544,0021900249,"Nov 25, 2019",LAL @ SAS,W,35,13,24,0.542,4,7,0.571,3,8,0.375,1,3,4,14,0,1,3,2,33,6,1,2019-11-25,17,17,2019-11-25
2019-20,22019,2544,0021900264,"Nov 27, 2019",LAL @ NOP,W,38,10,18,0.556,2,6,0.333,7,11,0.636,2,3,5,11,2,1,5,2,29,3,1,2019-11-27,18,18,2019-11-27
2019-20,22019,2544,0021900279,"Nov 29, 2019",LAL vs. WAS,W,25,9,16,0.563,4,8,0.5,1,2,0.5,0,3,3,11,2,1,6,1,23,20,1,2019-11-29,19,19,2019-11-29
2019-20,22019,2544,0021900287,"Dec 01, 2019",LAL vs. DAL,L,36,11,20,0.55,0,5,0.0,3,3,1.0,0,9,9,8,4,0,6,3,25,-16,1,2019-12-01,20,20,2019-12-01
2019-20,22019,2544,0021900304,"Dec 03, 2019",LAL @ DEN,W,37,9,18,0.5,1,4,0.25,6,6,1.0,2,4,6,9,0,0,4,3,25,4,1,2019-12-03,21,21,2019-12-03
2019-20,22019,2544,0021900314,"Dec 04, 2019",LAL @ UTA,W,29,9,21,0.429,1,6,0.167,1,1,1.0,0,4,4,12,1,0,1,3,20,14,1,2019-12-04,22,22,2019-12-04
2019-20,22019,2544,0021900329,"Dec 06, 2019",LAL @ POR,W,34,11,23,0.478,4,9,0.444,5,7,0.714,1,6,7,8,0,1,3,1,31,21,1,2019-12-06,23,23,2019-12-06
2019-20,22019,2544,0021900342,"Dec 08, 2019",LAL vs. MIN,W,28,12,20,0.6,6,8,0.75,2,2,1.0,1,3,4,13,1,0,5,4,32,24,1,2019-12-08,24,24,2019-12-08
2019-20,22019,2544,0021900358,"Dec 11, 2019",LAL @ ORL,W,38,11,24,0.458,1,6,0.167,2,5,0.4,2,9,11,10,2,0,6,2,25,8,1,2019-12-11,25,25,2019-12-11
2019-20,22019,2544,0021900374,"Dec 13, 2019",LAL @ MIA,W,37,11,22,0.5,4,8,0.5,2,4,0.5,2,7,9,12,1,0,8,2,28,9,1,2019-12-13,26,26,2019-12-13
2019-20,22019,2544,0021900390,"Dec 15, 2019",LAL @ ATL,W,37,12,21,0.571,4,10,0.4,4,7,0.571,1,12,13,7,1,3,4,1,32,10,1,2019-12-15,27,27,2019-12-15
2019-20,22019,2544,0021900402,"Dec 17, 2019",LAL @ IND,L,35,8,20,0.4,0,6,0.0,4,8,0.5,1,8,9,9,0,0,5,2,20,-9,1,2019-12-17,28,28,2019-12-17
2019-20,22019,2544,0021900417,"Dec 19, 2019",LAL @ MIL,L,37,8,19,0.421,3,7,0.429,2,2,1.0,0,12,12,11,0,0,4,5,21,-14,1,2019-12-19,29,29,2019-12-19
2019-20,22019,2544,0021900458,"Dec 25, 2019",LAL vs. LAC,L,39,9,24,0.375,2,12,0.167,3,4,0.75,3,6,9,10,2,1,2,3,23,3,1,2019-12-25,30,31,2019-12-25
2019-20,22019,2544,0021900484,"Dec 28, 2019",LAL @ POR,W,37,7,15,0.467,1,4,0.25,6,8,0.75,1,6,7,16,2,1,1,2,21,5,1,2019-12-28,31,32,2019-12-28
2019-20,22019,2544,0021900490,"Dec 29, 2019",LAL vs. DAL,W,34,3,10,0.3,2,4,0.5,5,6,0.833,0,6,6,13,2,0,2,2,13,5,1,2019-12-29,32,33,2019-12-29
2019-20,22019,2544,0021900507,"Jan 01, 2020",LAL vs. PHX,W,38,11,21,0.524,1,4,0.25,8,12,0.667,2,11,13,12,2,1,5,0,31,18,1,2020-01-01,33,34,2020-01-01
2019-20,22019,2544,0021900522,"Jan 03, 2020",LAL vs. NOP,W,37,7,17,0.412,1,3,0.333,2,5,0.4,0,8,8,15,2,0,2,1,17,17,1,2020-01-03,34,35,2020-01-03
2019-20,22019,2544,0021900538,"Jan 05, 2020",LAL vs. DET,W,35,10,21,0.476,0,3,0.0,1,2,0.5,3,11,14,11,0,0,3,2,21,23,1,2020-01-05,35,36,2020-01-05
2019-20,22019,2544,0021900553,"Jan 07, 2020",LAL vs. NYK,W,31,9,19,0.474,6,12,0.5,7,7,1.0,0,5,5,5,2,1,4,2,31,26,1,2020-01-07,36,37,2020-01-07
2019-20,22019,2544,0021900572,"Jan 10, 2020",LAL @ DAL,W,32,14,25,0.56,3,6,0.5,4,5,0.8,2,14,16,7,1,0,3,0,35,13,1,2020-01-10,37,38,2020-01-10
2019-20,22019,2544,0021900597,"Jan 13, 2020",LAL vs. CLE,W,33,12,16,0.75,1,3,0.333,6,7,0.857,0,2,2,8,1,0,3,2,31,19,1,2020-01-13,38,40,2020-01-13
2019-20,22019,2544,0021900613,"Jan 15, 2020",LAL vs. ORL,L,36,7,19,0.368,2,9,0.222,3,5,0.6,0,3,3,19,1,0,5,1,19,-9,1,2020-01-15,39,41,2020-01-15
2019-20,22019,2544,0021900633,"Jan 18, 2020",LAL @ HOU,W,35,13,25,0.52,2,7,0.286,3,5,0.6,0,5,5,12,2,0,6,3,31,2,1,2020-01-18,40,42,2020-01-18
2019-20,22019,2544,0021900648,"Jan 20, 2020",LAL @ BOS,L,29,5,12,0.417,0,2,0.0,5,5,1.0,3,4,7,13,0,0,4,1,15,-21,1,2020-01-20,41,43,2020-01-20
2019-20,22019,2544,0021900659,"Jan 22, 2020",LAL @ NYK,W,36,9,16,0.563,2,5,0.4,1,3,0.333,0,6,6,5,5,0,4,0,21,13,1,2020-01-22,42,44,2020-01-22
2019-20,22019,2544,0021900667,"Jan 23, 2020",LAL @ BKN,W,34,11,19,0.579,3,6,0.5,2,2,1.0,2,9,11,10,1,1,5,0,27,26,1,2020-01-23,43,45,2020-01-23
2019-20,22019,2544,0021900684,"Jan 25, 2020",LAL @ PHI,L,35,9,18,0.5,1,6,0.167,10,13,0.769,0,7,7,8,1,0,8,3,29,-22,1,2020-01-25,44,46,2020-01-25
2019-20,22019,2544,0021900726,"Jan 31, 2020",LAL vs. POR,L,38,9,22,0.409,3,8,0.375,1,4,0.25,2,6,8,10,0,1,5,2,22,7,1,2020-01-31,45,47,2020-01-31
2019-20,22019,2544,0021900736,"Feb 01, 2020",LAL @ SAC,W,34,6,15,0.4,1,4,0.25,2,3,0.667,0,10,10,11,2,0,2,3,15,33,1,2020-02-01,46,48,2020-02-01
2019-20,22019,2544,0021900754,"Feb 04, 2020",LAL vs. SAS,W,34,12,20,0.6,6,9,0.667,6,9,0.667,1,6,7,9,1,0,2,1,36,20,1,2020-02-04,47,49,2020-02-04
2019-20,22019,2544,0021900768,"Feb 06, 2020",LAL vs. HOU,L,37,8,19,0.421,1,8,0.125,1,1,1.0,2,7,9,15,2,0,6,0,18,-4,1,2020-02-06,48,50,2020-02-06
2019-20,22019,2544,0021900783,"Feb 08, 2020",LAL @ GSW,W,34,7,17,0.412,3,8,0.375,5,6,0.833,0,8,8,11,1,0,7,2,22,6,1,2020-02-08,49,51,2020-02-08
2019-20,22019,2544,0021900801,"Feb 10, 2020",LAL vs. PHX,W,30,6,16,0.375,3,6,0.5,2,4,0.5,0,8,8,9,1,0,8,2,17,16,1,2020-02-10,50,52,2020-02-10
2019-20,22019,2544,0021900817,"Feb 12, 2020",LAL @ DEN,W,42,15,29,0.517,1,7,0.143,1,4,0.25,1,11,12,14,0,0,3,3,32,4,1,2020-02-12,51,53,2020-02-12
2019-20,22019,2544,0021900833,"Feb 21, 2020",LAL vs. MEM,W,36,10,17,0.588,1,4,0.25,11,12,0.917,0,3,3,7,0,2,1,0,32,6,1,2020-02-21,52,54,2020-02-21
2019-20,22019,2544,0021900842,"Feb 23, 2020",LAL vs. BOS,W,35,9,19,0.474,4,10,0.4,7,12,0.583,0,8,8,9,0,0,2,4,29,-1,1,2020-02-23,53,55,2020-02-23
2019-20,22019,2544,0021900861,"Feb 25, 2020",LAL vs. NOP,W,34,17,27,0.63,5,11,0.455,1,2,0.5,2,6,8,6,0,1,7,1,40,12,1,2020-02-25,54,56,2020-02-25
2019-20,22019,2544,0021900891,"Feb 29, 2020",LAL @ MEM,L,34,8,18,0.444,2,8,0.25,1,2,0.5,2,6,8,10,1,1,5,1,19,-12,1,2020-02-29,55,58,2020-02-29
2019-20,22019,2544,0021900900,"Mar 01, 2020",LAL @ NOP,W,36,14,21,0.667,3,5,0.6,3,3,1.0,0,12,12,13,2,0,6,2,34,22,1,2020-03-01,56,59,2020-03-01
2019-20,22019,2544,0021900915,"Mar 03, 2020",LAL vs. PHI,W,34,9,16,0.563,2,5,0.4,2,3,0.667,1,6,7,14,1,2,3,1,22,-2,1,2020-03-03,57,60,2020-03-03
2019-20,22019,2544,0021900939,"Mar 06, 2020",LAL vs. MIL,W,37,12,21,0.571,1,7,0.143,12,15,0.8,0,8,8,8,3,0,4,4,37,8,1,2020-03-06,58,61,2020-03-06
2019-20,22019,2544,0021900948,"Mar 08, 2020",LAL @ LAC,W,35,7,17,0.412,2,6,0.333,12,14,0.857,2,6,8,9,0,2,2,3,28,7,1,2020-03-08,59,62,2020-03-08
2019-20,22019,2544,0021900968,"Mar 10, 2020",LAL vs. BKN,L,35,12,22,0.545,4,9,0.444,1,5,0.2,1,11,12,9,1,0,3,1,29,8,1,2020-03-10,60,63,2020-03-10
2019-20,22019,2544,0021901232,"Jul 30, 2020",LAL vs. LAC,W,34,6,19,0.316,2,7,0.286,2,2,1.0,2,9,11,7,1,1,5,3,16,-4,1,2020-07-30,61,64,2020-07-30
2019-20,22019,2544,0021901243,"Aug 01, 2020",LAL @ TOR,L,35,7,15,0.467,2,5,0.4,4,7,0.571,1,9,10,5,0,1,4,1,20,-20,1,2020-08-01,62,65,2020-08-01
2019-20,22019,2544,0021901255,"Aug 03, 2020",LAL @ UTA,W,35,9,16,0.563,2,5,0.4,2,2,1.0,1,7,8,9,2,1,4,3,22,0,1,2020-08-03,63,66,2020-08-03
2019-20,22019,2544,0021901265,"Aug 05, 2020",LAL vs. OKC,L,30,7,19,0.368,0,5,0.0,5,8,0.625,1,10,11,4,1,0,0,1,19,-8,1,2020-08-05,64,67,2020-08-05
2019-20,22019,2544,0021901282,"Aug 08, 2020",LAL @ IND,L,35,13,24,0.542,2,6,0.333,3,6,0.5,1,7,8,7,0,1,1,4,31,14,1,2020-08-08,65,69,2020-08-08
2019-20,22019,2544,0021901296,"Aug 10, 2020",LAL vs. DEN,W,38,9,21,0.429,5,11,0.455,6,10,0.6,0,1,1,12,0,2,5,0,29,-10,1,2020-08-10,66,70,2020-08-10
2019-20,22019,2544,0021901310,"Aug 13, 2020",LAL vs. SAC,L,15,6,13,0.462,2,5,0.4,3,3,1.0,1,2,3,4,0,0,3,0,17,-13,1,2020-08-13,67,71,2020-08-13
2020-21,22020,2544,0022000002,"Dec 22, 2020",LAL vs. LAC,L,28,7,17,0.412,3,8,0.375,5,7,0.714,2,3,5,5,0,0,4,2,22,2,1,2020-12-22,1,1,2020-12-22
2020-21,22020,2544,0022000008,"Dec 25, 2020",LAL vs. DAL,W,31,8,18,0.444,3,8,0.375,3,4,0.75,1,6,7,10,1,0,4,0,22,16,1,2020-12-25,2,2,2020-12-25
2020-21,22020,2544,0022000040,"Dec 27, 2020",LAL vs. MIN,W,26,6,13,0.462,1,5,0.2,5,7,0.714,0,9,9,5,1,0,4,1,18,16,1,2020-12-27,3,3,2020-12-27
2020-21,22020,2544,0022000045,"Dec 28, 2020",LAL vs. POR,L,36,11,20,0.55,3,7,0.429,4,5,0.8,2,7,9,6,2,1,3,2,29,0,1,2020-12-28,4,4,2020-12-28
2020-21,22020,2544,0022000060,"Dec 30, 2020",LAL @ SAS,W,35,11,23,0.478,1,3,0.333,3,5,0.6,0,5,5,8,1,1,2,1,26,-1,1,2020-12-30,5,5,2020-12-30
2020-21,22020,2544,0022000075,"Jan 01, 2021",LAL @ SAS,W,36,8,22,0.364,3,7,0.429,7,7,1.0,1,10,11,10,2,0,4,0,26,18,1,2021-01-01,6,6,2021-01-01
2020-21,22020,2544,0022000087,"Jan 03, 2021",LAL @ MEM,W,32,9,16,0.563,3,6,0.5,1,3,0.333,0,13,13,8,1,0,2,2,22,19,1,2021-01-03,7,7,2021-01-03
2020-21,22020,2544,0022000103,"Jan 05, 2021",LAL @ MEM,W,34,11,20,0.55,1,4,0.25,3,3,1.0,2,10,12,7,1,1,6,0,26,20,1,2021-01-05,8,8,2021-01-05
2020-21,22020,2544,0022000121,"Jan 07, 2021",LAL vs. SAS,L,35,8,15,0.533,4,7,0.571,7,11,0.636,0,6,6,12,0,0,4,3,27,-10,1,2021-01-07,9,9,2021-01-07
2020-21,22020,2544,0022000131,"Jan 08, 2021",LAL vs. CHI,W,34,11,21,0.524,0,5,0.0,6,8,0.75,0,7,7,7,0,0,4,1,28,9,1,2021-01-08,10,10,2021-01-08
2020-21,22020,2544,0022000146,"Jan 10, 2021",LAL @ HOU,W,30,7,15,0.467,1,6,0.167,3,6,0.5,1,6,7,7,1,1,2,2,18,10,1,2021-01-10,11,11,2021-01-10
2020-21,22020,2544,0022000161,"Jan 12, 2021",LAL @ HOU,W,29,10,20,0.5,4,9,0.444,2,4,0.5,1,7,8,5,0,1,5,0,26,15,1,2021-01-12,12,12,2021-01-12
2020-21,22020,2544,0022000170,"Jan 13, 2021",LAL @ OKC,W,27,9,20,0.45,5,8,0.625,3,4,0.75,0,6,6,7,0,0,2,2,26,14,1,2021-01-13,13,13,2021-01-13
2020-21,22020,2544,0022000187,"Jan 15, 2021",LAL vs. NOP,W,31,6,11,0.545,2,6,0.333,7,7,1.0,1,7,8,11,1,0,3,3,21,14,1,2021-01-15,14,14,2021-01-15
2020-21,22020,2544,0022000212,"Jan 18, 2021",LAL vs. GSW,L,38,6,16,0.375,2,7,0.286,5,8,0.625,0,5,5,5,1,0,5,1,19,-9,1,2021-01-18,15,15,2021-01-18
2020-21,22020,2544,0022000226,"Jan 21, 2021",LAL @ MIL,W,38,13,25,0.52,6,10,0.6,2,2,1.0,1,5,6,8,1,1,3,2,34,15,1,2021-01-21,16,16,2021-01-21
2020-21,22020,2544,0022000245,"Jan 23, 2021",LAL @ CHI,W,29,6,16,0.375,0,2,0.0,5,8,0.625,0,11,11,6,2,0,6,1,17,9,1,2021-01-23,17,17,2021-01-23
2020-21,22020,2544,0022000261,"Jan 25, 2021",LAL @ CLE,W,38,19,26,0.731,7,11,0.636,1,2,0.5,0,8,8,6,2,2,3,1,46,11,1,2021-01-25,18,18,2021-01-25
2020-21,22020,2544,0022000276,"Jan 27, 2021",LAL @ PHI,L,39,12,22,0.545,2,5,0.4,8,11,0.727,0,6,6,7,0,0,3,3,34,4,1,2021-01-27,19,19,2021-01-27
2020-21,22020,2544,0022000284,"Jan 28, 2021",LAL @ DET,L,36,8,19,0.421,4,8,0.5,2,3,0.667,2,5,7,10,1,0,2,2,22,-9,1,2021-01-28,20,20,2021-01-28
2020-21,22020,2544,0022000302,"Jan 30, 2021",LAL @ BOS,W,37,7,17,0.412,4,11,0.364,3,5,0.6,1,6,7,7,0,1,5,3,21,11,1,2021-01-30,21,21,2021-01-30
2020-21,22020,2544,0022000313,"Feb 01, 2021",LAL @ ATL,W,38,5,12,0.417,2,6,0.333,9,11,0.818,0,7,7,9,2,1,2,0,21,10,1,2021-02-01,22,22,2021-02-01
2020-21,22020,2544,0022000341,"Feb 04, 2021",LAL vs. DEN,W,35,12,19,0.632,2,5,0.4,1,2,0.5,0,10,10,10,0,1,2,1,27,21,1,2021-02-04,23,23,2021-02-04
2020-21,22020,2544,0022000361,"Feb 06, 2021",LAL vs. DET,W,46,13,26,0.5,3,7,0.429,4,6,0.667,0,5,5,11,4,0,7,3,33,8,1,2021-02-06,24,24,2021-02-06
2020-21,22020,2544,0022000374,"Feb 08, 2021",LAL vs. OKC,W,43,11,22,0.5,2,10,0.2,4,5,0.8,0,14,14,12,2,2,5,3,28,8,1,2021-02-08,25,25,2021-02-08
2020-21,22020,2544,0022000390,"Feb 10, 2021",LAL vs. OKC,W,41,9,20,0.45,3,9,0.333,4,4,1.0,0,6,6,7,2,0,5,2,25,6,1,2021-02-10,26,26,2021-02-10
2020-21,22020,2544,0022000403,"Feb 12, 2021",LAL vs. MEM,W,34,9,15,0.6,1,4,0.25,9,14,0.643,1,8,9,8,2,0,5,2,28,8,1,2021-02-12,27,27,2021-02-12
2020-21,22020,2544,0022000416,"Feb 14, 2021",LAL @ DEN,L,31,9,18,0.5,0,5,0.0,4,7,0.571,1,9,10,9,0,1,1,2,22,-17,1,2021-02-14,28,28,2021-02-14
2020-21,22020,2544,0022000431,"Feb 16, 2021",LAL @ MIN,W,38,13,20,0.65,1,4,0.25,3,4,0.75,0,13,13,7,0,1,5,1,30,4,1,2021-02-16,29,29,2021-02-16
2020-21,22020,2544,0022000446,"Feb 18, 2021",LAL vs. BKN,L,33,14,23,0.609,1,6,0.167,3,6,0.5,0,8,8,7,0,0,3,1,32,-7,1,2021-02-18,30,30,2021-02-18
2020-21,22020,2544,0022000463,"Feb 20, 2021",LAL vs. MIA,L,37,7,21,0.333,1,8,0.125,4,4,1.0,1,8,9,9,1,1,5,3,19,11,1,2021-02-20,31,31,2021-02-20
2020-21,22020,2544,0022000479,"Feb 22, 2021",LAL vs. WAS,L,43,14,29,0.483,2,10,0.2,1,3,0.333,0,9,9,13,1,0,8,2,31,3,1,2021-02-22,32,32,2021-02-22
2020-21,22020,2544,0022000497,"Feb 24, 2021",LAL @ UTA,L,28,7,13,0.538,1,5,0.2,4,5,0.8,0,4,4,4,1,0,4,0,19,-20,1,2021-02-24,33,33,2021-02-24
2020-21,22020,2544,0022000512,"Feb 26, 2021",LAL vs. POR,W,36,11,21,0.524,2,5,0.4,4,8,0.5,1,10,11,7,4,3,2,1,28,9,1,2021-02-26,34,34,2021-02-26
2020-21,22020,2544,0022000527,"Feb 28, 2021",LAL vs. GSW,W,24,7,12,0.583,3,5,0.6,2,4,0.5,2,4,6,4,2,2,2,2,19,18,1,2021-02-28,35,35,2021-02-28
2020-21,22020,2544,0022000542,"Mar 02, 2021",LAL vs. PHX,L,38,16,24,0.667,3,8,0.375,3,5,0.6,0,5,5,6,2,1,3,1,38,2,1,2021-03-02,36,36,2021-03-02
2020-21,22020,2544,0022000585,"Mar 12, 2021",LAL vs. IND,W,34,5,13,0.385,1,4,0.25,7,11,0.636,0,3,3,10,1,0,3,4,18,11,1,2021-03-12,37,38,2021-03-12
2020-21,22020,2544,0022000608,"Mar 15, 2021",LAL @ GSW,W,30,8,13,0.615,2,4,0.5,4,6,0.667,1,9,10,11,0,0,6,3,22,33,1,2021-03-15,38,39,2021-03-15
2020-21,22020,2544,0022000615,"Mar 16, 2021",LAL vs. MIN,W,31,8,14,0.571,4,7,0.571,5,5,1.0,1,11,12,12,0,1,4,0,25,0,1,2021-03-16,39,40,2021-03-16
2020-21,22020,2544,0022000630,"Mar 18, 2021",LAL vs. CHA,W,37,14,23,0.609,4,9,0.444,5,6,0.833,1,7,8,6,1,1,3,2,37,7,1,2021-03-18,40,41,2021-03-18
2020-21,22020,2544,0022000640,"Mar 20, 2021",LAL vs. ATL,L,11,3,6,0.5,1,2,0.5,3,3,1.0,0,1,1,4,0,0,1,0,10,-5,1,2021-03-20,41,42,2021-03-20
2020-21,22020,2544,0022000956,"Apr 30, 2021",LAL vs. SAC,L,32,6,12,0.5,1,5,0.2,3,5,0.6,1,7,8,7,2,1,5,1,16,5,1,2021-04-30,42,63,2021-04-30
2020-21,22020,2544,0022000974,"May 02, 2021",LAL vs. TOR,L,28,6,11,0.545,2,5,0.4,5,7,0.714,0,7,7,6,0,0,5,2,19,-4,1,2021-05-02,43,64,2021-05-02
2020-21,22020,2544,0022001061,"May 15, 2021",LAL @ IND,W,28,11,22,0.5,1,4,0.25,1,2,0.5,3,4,7,8,0,0,4,2,24,7,1,2021-05-15,44,71,2021-05-15
2020-21,22020,2544,0022001072,"May 16, 2021",LAL @ NOP,W,27,11,22,0.5,2,5,0.4,1,2,0.5,1,0,1,6,3,0,2,0,25,-2,1,2021-05-16,45,72,2021-05-16
2021-22,22021,2544,0022100002,"Oct 19, 2021",LAL vs. GSW,L,37,13,23,0.565,5,11,0.455,3,6,0.5,1,10,11,5,1,1,4,5,34,-2,1,2021-10-19,1,1,2021-10-19
2021-22,22021,2544,0022100025,"Oct 22, 2021",LAL vs. PHX,L,37,8,18,0.444,5,9,0.556,4,4,1.0,0,2,2,5,2,0,5,4,25,-6,1,2021-10-22,2,2,2021-10-22
2021-22,22021,2544,0022100040,"Oct 24, 2021",LAL vs. MEM,W,40,7,19,0.368,4,9,0.444,1,2,0.5,0,6,6,6,2,2,3,1,19,-1,1,2021-10-24,3,3,2021-10-24
2021-22,22021,2544,0022100077,"Oct 29, 2021",LAL vs. CLE,W,38,10,22,0.455,1,10,0.1,5,5,1.0,1,2,3,8,3,1,7,1,26,9,1,2021-10-29,4,6,2021-10-29
2021-22,22021,2544,0022100093,"Oct 31, 2021",LAL vs. HOU,W,35,6,19,0.316,0,6,0.0,3,4,0.75,1,6,7,8,4,1,2,0,15,7,1,2021-10-31,5,7,2021-10-31
2021-22,22021,2544,0022100107,"Nov 02, 2021",LAL vs. HOU,W,36,13,21,0.619,2,4,0.5,2,2,1.0,0,4,4,10,2,0,4,3,30,8,1,2021-11-02,6,8,2021-11-02
2021-22,22021,2544,0022100232,"Nov 19, 2021",LAL @ BOS,L,32,10,16,0.625,3,7,0.429,0,1,0.0,1,5,6,2,2,0,3,3,23,-4,1,2021-11-19,7,17,2021-11-19
2021-22,22021,2544,0022100249,"Nov 21, 2021",LAL @ DET,W,21,4,7,0.571,1,3,0.333,1,1,1.0,0,1,1,5,0,0,2,1,10,-15,1,2021-11-21,8,18,2021-11-21
2021-22,22021,2544,0022100268,"Nov 24, 2021",LAL @ IND,W,43,13,29,0.448,5,12,0.417,8,9,0.889,0,5,5,6,1,2,2,2,39,-3,1,2021-11-24,9,20,2021-11-24
2021-22,22021,2544,0022100291,"Nov 26, 2021",LAL vs. SAC,L,50,10,25,0.4,2,13,0.154,8,11,0.727,1,6,7,11,1,0,7,4,30,-7,1,2021-11-26,10,21,2021-11-26
2021-22,22021,2544,0022100304,"Nov 28, 2021",LAL vs. DET,W,37,12,20,0.6,4,9,0.444,5,8,0.625,0,5,5,9,2,1,2,1,33,14,1,2021-11-28,11,22,2021-11-28
2021-22,22021,2544,0022100341,"Dec 03, 2021",LAL vs. LAC,L,36,9,23,0.391,2,8,0.25,3,5,0.6,3,8,11,6,2,0,3,2,23,-5,1,2021-12-03,12,24,2021-12-03
2021-22,22021,2544,0022100365,"Dec 07, 2021",LAL vs. BOS,W,36,13,19,0.684,2,5,0.4,2,2,1.0,2,2,4,5,0,0,3,2,30,18,1,2021-12-07,13,25,2021-12-07
2021-22,22021,2544,0022100380,"Dec 09, 2021",LAL @ MEM,L,37,7,15,0.467,1,6,0.167,5,5,1.0,0,10,10,11,4,2,5,1,20,2,1,2021-12-09,14,26,2021-12-09
2021-22,22021,2544,0022100389,"Dec 10, 2021",LAL @ OKC,W,35,13,20,0.65,4,6,0.667,3,4,0.75,0,5,5,6,3,2,2,2,33,19,1,2021-12-10,15,27,2021-12-10
2021-22,22021,2544,0022100403,"Dec 12, 2021",LAL vs. ORL,W,37,12,20,0.6,3,7,0.429,3,4,0.75,1,10,11,10,0,3,6,2,30,14,1,2021-12-12,16,28,2021-12-12
2021-22,22021,2544,0022100420,"Dec 15, 2021",LAL @ DAL,W,43,9,19,0.474,4,9,0.444,2,3,0.667,0,3,3,5,1,0,2,1,24,-6,1,2021-12-15,17,29,2021-12-15
2021-22,22021,2544,0022100436,"Dec 17, 2021",LAL @ MIN,L,36,5,13,0.385,2,6,0.333,6,8,0.75,1,9,10,5,1,2,4,5,18,-11,1,2021-12-17,18,30,2021-12-17
2021-22,22021,2544,0022100448,"Dec 19, 2021",LAL @ CHI,L,39,11,21,0.524,1,7,0.143,8,11,0.727,1,13,14,6,1,2,4,5,31,-1,1,2021-12-19,19,31,2021-12-19
2021-22,22021,2544,0022100469,"Dec 21, 2021",LAL vs. PHX,L,34,13,19,0.684,2,5,0.4,6,6,1.0,0,7,7,2,2,0,2,1,34,0,1,2021-12-21,20,32,2021-12-21
2021-22,22021,2544,0022100487,"Dec 23, 2021",LAL vs. SAS,L,35,15,26,0.577,2,7,0.286,4,6,0.667,2,7,9,6,1,2,3,2,36,-23,1,2021-12-23,21,33,2021-12-23
2021-22,22021,2544,0022100491,"Dec 25, 2021",LAL vs. BKN,L,40,14,25,0.56,3,9,0.333,8,9,0.889,1,8,9,7,3,1,3,2,39,9,1,2021-12-25,22,34,2021-12-25
2021-22,22021,2544,0022100511,"Dec 28, 2021",LAL @ HOU,W,39,11,19,0.579,3,5,0.6,7,9,0.778,4,6,10,11,1,2,3,3,32,6,1,2021-12-28,23,35,2021-12-28
2021-22,22021,2544,0022100520,"Dec 29, 2021",LAL @ MEM,L,38,13,25,0.52,8,14,0.571,3,3,1.0,2,11,13,7,2,2,5,1,37,0,1,2021-12-29,24,36,2021-12-29
2021-22,22021,2544,0022100538,"Dec 31, 2021",LAL vs. POR,W,29,16,26,0.615,5,10,0.5,6,9,0.667,2,12,14,4,2,2,0,1,43,18,1,2021-12-31,25,37,2021-12-31
2021-22,22021,2544,0022100551,"Jan 02, 2022",LAL vs. MIN,W,39,7,15,0.467,3,9,0.333,9,12,0.75,0,7,7,5,3,1,1,2,26,9,1,2022-01-02,26,38,2022-01-02
2021-22,22021,2544,0022100566,"Jan 04, 2022",LAL vs. SAC,W,36,12,26,0.462,3,10,0.3,4,5,0.8,2,3,5,5,0,1,2,3,31,3,1,2022-01-04,27,39,2022-01-04
2021-22,22021,2544,0022100589,"Jan 07, 2022",LAL vs. ATL,W,37,13,24,0.542,1,6,0.167,5,5,1.0,1,7,8,9,4,3,4,4,32,4,1,2022-01-07,28,40,2022-01-07
2021-22,22021,2544,0022100606,"Jan 09, 2022",LAL vs. MEM,L,33,14,19,0.737,3,4,0.75,4,4,1.0,6,3,9,7,0,0,3,4,35,-30,1,2022-01-09,29,41,2022-01-09
2021-22,22021,2544,0022100626,"Jan 12, 2022",LAL @ SAC,L,39,13,29,0.448,3,12,0.25,5,10,0.5,1,6,7,6,0,1,1,2,34,-12,1,2022-01-12,30,42,2022-01-12
2021-22,22021,2544,0022100649,"Jan 15, 2022",LAL @ DEN,L,31,9,23,0.391,2,8,0.25,5,7,0.714,1,8,9,2,0,2,1,0,25,-17,1,2022-01-15,31,43,2022-01-15
2021-22,22021,2544,0022100665,"Jan 17, 2022",LAL vs. UTA,W,37,9,20,0.45,3,8,0.375,4,8,0.5,0,7,7,7,1,1,1,1,25,11,1,2022-01-17,32,44,2022-01-17
2021-22,22021,2544,0022100680,"Jan 19, 2022",LAL vs. IND,L,37,11,22,0.5,3,7,0.429,5,7,0.714,1,11,12,5,2,0,3,1,30,-20,1,2022-01-19,33,45,2022-01-19
2021-22,22021,2544,0022100685,"Jan 21, 2022",LAL @ ORL,W,34,12,23,0.522,2,7,0.286,3,3,1.0,1,6,7,5,1,1,6,3,29,5,1,2022-01-21,34,46,2022-01-21
2021-22,22021,2544,0022100700,"Jan 23, 2022",LAL @ MIA,L,40,12,22,0.545,1,8,0.125,8,11,0.727,2,9,11,4,2,0,3,4,33,-8,1,2022-01-23,35,47,2022-01-23
2021-22,22021,2544,0022100718,"Jan 25, 2022",LAL @ BKN,W,34,14,21,0.667,2,8,0.25,3,3,1.0,0,7,7,6,3,2,0,1,33,10,1,2022-01-25,36,48,2022-01-25
2021-22,22021,2544,0022100799,"Feb 05, 2022",LAL vs. NYK,W,40,13,24,0.542,2,7,0.286,1,2,0.5,3,10,13,10,1,0,3,3,29,12,1,2022-02-05,37,54,2022-02-05
2021-22,22021,2544,0022100822,"Feb 08, 2022",LAL vs. MIL,L,35,11,19,0.579,3,7,0.429,2,4,0.5,0,5,5,8,0,0,4,4,27,-25,1,2022-02-08,38,55,2022-02-08
2021-22,22021,2544,0022100829,"Feb 09, 2022",LAL @ POR,L,37,13,22,0.591,3,7,0.429,1,1,1.0,0,7,7,7,3,0,6,1,30,-5,1,2022-02-09,39,56,2022-02-09
2021-22,22021,2544,0022100854,"Feb 12, 2022",LAL @ GSW,L,38,9,27,0.333,3,10,0.3,5,9,0.556,3,12,15,8,0,0,4,3,26,-11,1,2022-02-12,40,57,2022-02-12
2021-22,22021,2544,0022100884,"Feb 16, 2022",LAL vs. UTA,W,40,14,23,0.609,3,8,0.375,2,2,1.0,1,7,8,6,2,0,3,1,33,7,1,2022-02-16,41,58,2022-02-16
2021-22,22021,2544,0022100904,"Feb 25, 2022",LAL vs. LAC,L,36,6,18,0.333,2,8,0.25,7,8,0.875,1,10,11,3,1,1,6,1,21,-4,1,2022-02-25,42,59,2022-02-25
2021-22,22021,2544,0022100919,"Feb 27, 2022",LAL vs. NOP,L,36,13,23,0.565,1,4,0.25,5,5,1.0,0,6,6,3,2,2,7,2,32,-22,1,2022-02-27,43,60,2022-02-27
2021-22,22021,2544,0022100931,"Mar 01, 2022",LAL vs. DAL,L,38,10,18,0.556,3,7,0.429,3,5,0.6,0,12,12,5,1,0,4,2,26,7,1,2022-03-01,44,61,2022-03-01
2021-22,22021,2544,0022100945,"Mar 03, 2022",LAL @ LAC,L,37,8,18,0.444,2,9,0.222,8,10,0.8,1,7,8,4,0,1,4,2,26,-27,1,2022-03-03,45,62,2022-03-03
2021-22,22021,2544,0022100959,"Mar 05, 2022",LAL vs. GSW,W,39,19,31,0.613,6,11,0.545,12,13,0.923,2,8,10,3,0,1,4,0,56,13,1,2022-03-05,46,63,2022-03-05
2021-22,22021,2544,0022100985,"Mar 09, 2022",LAL @ HOU,L,45,9,26,0.346,1,9,0.111,4,6,0.667,2,12,14,12,1,4,5,1,23,-17,1,2022-03-09,47,65,2022-03-09
2021-22,22021,2544,0022101004,"Mar 11, 2022",LAL vs. WAS,W,36,18,25,0.72,6,9,0.667,8,8,1.0,0,7,7,6,0,1,3,3,50,22,1,2022-03-11,48,66,2022-03-11
2021-22,22021,2544,0022101019,"Mar 13, 2022",LAL @ PHX,L,30,10,20,0.5,5,11,0.455,6,7,0.857,0,7,7,6,0,1,4,0,31,-16,1,2022-03-13,49,67,2022-03-13
2021-22,22021,2544,0022101028,"Mar 14, 2022",LAL vs. TOR,L,40,11,19,0.579,4,7,0.571,4,7,0.571,3,6,9,3,0,2,5,4,30,-21,1,2022-03-14,50,68,2022-03-14
2021-22,22021,2544,0022101039,"Mar 16, 2022",LAL @ MIN,L,37,8,21,0.381,1,8,0.125,2,5,0.4,0,5,5,4,1,2,5,5,19,-19,1,2022-03-16,51,69,2022-03-16
2021-22,22021,2544,0022101051,"Mar 18, 2022",LAL @ TOR,W,45,15,26,0.577,2,7,0.286,4,7,0.571,4,5,9,7,0,2,3,2,36,-5,1,2022-03-18,52,70,2022-03-18
2021-22,22021,2544,0022101061,"Mar 19, 2022",LAL @ WAS,L,36,16,29,0.552,4,10,0.4,2,3,0.667,2,8,10,6,0,0,2,3,38,1,1,2022-03-19,53,71,2022-03-19
2021-22,22021,2544,0022101072,"Mar 21, 2022",LAL @ CLE,W,41,17,29,0.586,0,4,0.0,4,4,1.0,1,9,10,12,1,1,3,0,38,9,1,2022-03-21,54,72,2022-03-21
2021-22,22021,2544,0022101119,"Mar 27, 2022",LAL @ NOP,L,42,14,27,0.519,7,13,0.538,4,6,0.667,1,8,9,5,0,1,4,1,39,-9,1,2022-03-27,55,74,2022-03-27
2021-22,22021,2544,0022101160,"Apr 01, 2022",LAL vs. NOP,L,40,13,23,0.565,3,8,0.375,9,12,0.75,0,8,8,4,1,0,6,3,38,-2,1,2022-04-01,56,77,2022-04-01
2022-23,22022,2544,0022200002,"Oct 18, 2022",LAL @ GSW,L,35,12,26,0.462,3,10,0.3,4,4,1.0,5,10,15,8,0,0,5,2,31,-10,1,2022-10-18,1,1,2022-10-18
2022-23,22022,2544,0022200016,"Oct 20, 2022",LAL vs. LAC,L,37,7,17,0.412,2,8,0.25,4,6,0.667,2,8,10,6,1,2,2,3,20,-1,1,2022-10-20,2,2,2022-10-20
2022-23,22022,2544,0022200037,"Oct 23, 2022",LAL vs. POR,L,38,12,22,0.545,2,9,0.222,5,7,0.714,1,7,8,8,2,2,4,3,31,2,1,2022-10-23,3,3,2022-10-23
2022-23,22022,2544,0022200064,"Oct 26, 2022",LAL @ DEN,L,35,8,21,0.381,2,8,0.25,1,2,0.5,2,5,7,9,1,0,8,1,19,-7,1,2022-10-26,4,4,2022-10-26
2022-23,22022,2544,0022200076,"Oct 28, 2022",LAL @ MIN,L,37,10,24,0.417,1,6,0.167,7,8,0.875,3,4,7,5,4,0,3,2,28,-13,1,2022-10-28,5,5,2022-10-28
2022-23,22022,2544,0022200095,"Oct 30, 2022",LAL vs. DEN,W,35,10,22,0.455,2,5,0.4,4,5,0.8,0,6,6,8,1,0,3,1,26,-1,1,2022-10-30,6,6,2022-10-30
2022-23,22022,2544,0022200117,"Nov 02, 2022",LAL vs. NOP,W,40,9,23,0.391,0,7,0.0,2,4,0.5,0,10,10,8,0,2,2,3,20,5,1,2022-11-02,7,7,2022-11-02
2022-23,22022,2544,0022200131,"Nov 04, 2022",LAL vs. UTA,L,34,7,19,0.368,0,5,0.0,3,5,0.6,2,8,10,8,0,1,3,3,17,-11,1,2022-11-04,8,8,2022-11-04
2022-23,22022,2544,0022200140,"Nov 06, 2022",LAL vs. CLE,L,34,13,23,0.565,1,4,0.25,0,3,0.0,2,5,7,4,0,0,1,0,27,-8,1,2022-11-06,9,9,2022-11-06
2022-23,22022,2544,0022200170,"Nov 09, 2022",LAL @ LAC,L,32,12,22,0.545,4,9,0.444,2,4,0.5,1,7,8,5,2,0,3,2,30,-17,1,2022-11-09,10,11,2022-11-09
2022-23,22022,2544,0022200282,"Nov 25, 2022",LAL @ SAS,W,33,8,17,0.471,1,4,0.25,4,4,1.0,0,8,8,5,3,1,9,2,21,16,1,2022-11-25,11,17,2022-11-25
2022-23,22022,2544,0022200288,"Nov 26, 2022",LAL @ SAS,W,35,11,21,0.524,7,12,0.583,10,10,1.0,0,11,11,3,1,1,4,3,39,-3,1,2022-11-26,12,18,2022-11-26
2022-23,22022,2544,0022200308,"Nov 28, 2022",LAL vs. IND,L,36,8,22,0.364,3,10,0.3,2,3,0.667,1,6,7,3,1,0,1,1,21,-7,1,2022-11-28,13,19,2022-11-28
2022-23,22022,2544,0022200324,"Nov 30, 2022",LAL vs. POR,W,33,12,18,0.667,6,8,0.75,1,3,0.333,2,5,7,8,0,1,2,1,31,8,1,2022-11-30,14,20,2022-11-30
2022-23,22022,2544,0022200331,"Dec 02, 2022",LAL @ MIL,W,37,12,27,0.444,3,6,0.5,1,2,0.5,1,7,8,11,2,0,0,2,28,6,1,2022-12-02,15,21,2022-12-02
2022-23,22022,2544,0022200349,"Dec 04, 2022",LAL @ WAS,W,34,12,26,0.462,2,7,0.286,3,4,0.75,1,7,8,6,1,0,5,3,29,13,1,2022-12-04,16,22,2022-12-04
2022-23,22022,2544,0022200360,"Dec 06, 2022",LAL @ CLE,L,36,8,17,0.471,2,6,0.333,3,4,0.75,4,13,17,4,1,1,3,0,21,-14,1,2022-12-06,17,23,2022-12-06
2022-23,22022,2544,0022200382,"Dec 09, 2022",LAL @ PHI,L,44,9,22,0.409,1,8,0.125,4,8,0.5,1,3,4,6,2,0,3,3,23,-10,1,2022-12-09,18,25,2022-12-09
2022-23,22022,2544,0022200396,"Dec 11, 2022",LAL @ DET,W,37,14,24,0.583,2,6,0.333,5,5,1.0,1,4,5,5,1,0,1,1,35,18,1,2022-12-11,19,26,2022-12-11
2022-23,22022,2544,0022200413,"Dec 13, 2022",LAL vs. BOS,L,43,14,25,0.56,3,11,0.273,2,4,0.5,0,9,9,9,2,1,4,4,33,10,1,2022-12-13,20,27,2022-12-13
2022-23,22022,2544,0022200437,"Dec 16, 2022",LAL vs. DEN,W,36,13,21,0.619,1,4,0.25,3,4,0.75,1,8,9,4,2,0,2,2,30,26,1,2022-12-16,21,28,2022-12-16
2022-23,22022,2544,0022200451,"Dec 18, 2022",LAL vs. WAS,W,37,13,24,0.542,1,4,0.25,6,8,0.75,1,6,7,9,0,1,0,0,33,10,1,2022-12-18,22,29,2022-12-18
2022-23,22022,2544,0022200475,"Dec 21, 2022",LAL @ SAC,L,34,11,21,0.524,0,4,0.0,9,10,0.9,0,6,6,11,0,2,2,0,31,-4,1,2022-12-21,23,31,2022-12-21
2022-23,22022,2544,0022200492,"Dec 23, 2022",LAL vs. CHA,L,34,15,23,0.652,4,8,0.5,0,2,0.0,0,2,2,8,1,0,3,2,34,-6,1,2022-12-23,24,32,2022-12-23
2022-23,22022,2544,0022200494,"Dec 25, 2022",LAL @ DAL,L,34,13,23,0.565,0,4,0.0,12,12,1.0,0,6,6,5,0,0,2,2,38,2,1,2022-12-25,25,33,2022-12-25
2022-23,22022,2544,0022200505,"Dec 27, 2022",LAL @ ORL,W,31,12,24,0.5,0,7,0.0,4,5,0.8,2,5,7,5,1,1,4,1,28,8,1,2022-12-27,26,34,2022-12-27
2022-23,22022,2544,0022200518,"Dec 28, 2022",LAL @ MIA,L,33,10,18,0.556,2,5,0.4,5,5,1.0,0,9,9,6,0,0,6,4,27,-4,1,2022-12-28,27,35,2022-12-28
2022-23,22022,2544,0022200530,"Dec 30, 2022",LAL @ ATL,W,40,18,27,0.667,4,6,0.667,7,9,0.778,2,8,10,9,0,1,5,0,47,12,1,2022-12-30,28,36,2022-12-30
2022-23,22022,2544,0022200551,"Jan 02, 2023",LAL @ CHA,W,40,16,26,0.615,0,5,0.0,11,15,0.733,0,11,11,6,1,0,3,1,43,9,1,2023-01-02,29,37,2023-01-02
2022-23,22022,2544,0022200590,"Jan 06, 2023",LAL vs. ATL,W,33,10,19,0.526,1,5,0.2,4,6,0.667,0,7,7,10,0,0,5,0,25,12,1,2023-01-06,30,39,2023-01-06
2022-23,22022,2544,0022200595,"Jan 07, 2023",LAL @ SAC,W,38,14,28,0.5,1,6,0.167,8,9,0.889,1,7,8,7,1,0,4,2,37,15,1,2023-01-07,31,40,2023-01-07
2022-23,22022,2544,0022200630,"Jan 12, 2023",LAL vs. DAL,L,47,9,28,0.321,0,7,0.0,6,10,0.6,6,10,16,9,2,0,3,0,24,-3,1,2023-01-12,32,42,2023-01-12
2022-23,22022,2544,0022200655,"Jan 15, 2023",LAL vs. PHI,L,35,15,23,0.652,1,5,0.2,4,5,0.8,0,8,8,10,1,1,3,1,35,19,1,2023-01-15,33,43,2023-01-15
2022-23,22022,2544,0022200664,"Jan 16, 2023",LAL vs. HOU,W,36,16,26,0.615,5,10,0.5,11,12,0.917,1,7,8,9,0,0,0,1,48,19,1,2023-01-16,34,44,2023-01-16
2022-23,22022,2544,0022200677,"Jan 18, 2023",LAL vs. SAC,L,37,11,25,0.44,2,9,0.222,8,9,0.889,0,8,8,9,1,1,1,0,32,-16,1,2023-01-18,35,45,2023-01-18
2022-23,22022,2544,0022200690,"Jan 20, 2023",LAL vs. MEM,W,37,8,21,0.381,1,5,0.2,6,7,0.857,2,7,9,6,2,2,3,4,23,9,1,2023-01-20,36,46,2023-01-20
2022-23,22022,2544,0022200705,"Jan 22, 2023",LAL @ POR,W,36,14,24,0.583,2,7,0.286,7,10,0.7,0,11,11,4,0,2,4,2,37,17,1,2023-01-22,37,47,2023-01-22
2022-23,22022,2544,0022200719,"Jan 24, 2023",LAL vs. LAC,L,33,16,29,0.552,9,14,0.643,5,5,1.0,1,7,8,7,2,1,0,0,46,-14,1,2023-01-24,38,48,2023-01-24
2022-23,22022,2544,0022200729,"Jan 25, 2023",LAL vs. SAS,W,35,8,20,0.4,1,6,0.167,3,4,0.75,1,8,9,11,0,0,6,0,20,2,1,2023-01-25,39,49,2023-01-25
2022-23,22022,2544,0022200749,"Jan 28, 2023",LAL @ BOS,L,44,15,30,0.5,6,12,0.5,5,6,0.833,1,8,9,8,0,0,2,2,41,2,1,2023-01-28,40,50,2023-01-28
2022-23,22022,2544,0022200765,"Jan 31, 2023",LAL @ NYK,W,43,11,25,0.44,2,8,0.25,4,7,0.571,1,9,10,11,1,0,5,2,28,22,1,2023-01-31,41,52,2023-01-31
2022-23,22022,2544,0022200778,"Feb 02, 2023",LAL @ IND,W,33,11,19,0.579,2,5,0.4,2,2,1.0,2,5,7,7,0,0,3,1,26,-4,1,2023-02-02,42,53,2023-02-02
2022-23,22022,2544,0022200798,"Feb 04, 2023",LAL @ NOP,L,40,10,22,0.455,1,7,0.143,6,9,0.667,0,9,9,6,0,0,2,2,27,-5,1,2023-02-04,43,54,2023-02-04
2022-23,22022,2544,0022200821,"Feb 07, 2023",LAL vs. OKC,L,34,13,20,0.65,4,6,0.667,8,10,0.8,0,7,7,3,3,0,4,3,38,8,1,2023-02-07,44,55,2023-02-07
2022-23,22022,2544,0022200882,"Feb 15, 2023",LAL vs. NOP,W,29,7,14,0.5,0,5,0.0,7,10,0.7,0,6,6,6,0,1,4,1,21,14,1,2023-02-15,45,59,2023-02-15
2022-23,22022,2544,0022200893,"Feb 23, 2023",LAL vs. GSW,W,26,5,20,0.25,2,6,0.333,1,2,0.5,3,6,9,8,0,0,2,2,13,22,1,2023-02-23,46,60,2023-02-23
2022-23,22022,2544,0022200913,"Feb 26, 2023",LAL @ DAL,W,37,10,23,0.435,1,6,0.167,5,7,0.714,3,5,8,3,1,1,3,4,26,0,1,2023-02-26,47,61,2023-02-26
2022-23,22022,2544,0022201114,"Mar 26, 2023",LAL vs. CHI,L,30,6,11,0.545,0,2,0.0,7,8,0.875,1,7,8,3,0,0,5,2,19,4,1,2023-03-26,48,75,2023-03-26
2022-23,22022,2544,0022201140,"Mar 29, 2023",LAL @ CHI,W,31,10,19,0.526,1,3,0.333,4,4,1.0,3,5,8,4,2,0,4,2,25,23,1,2023-03-29,49,76,2023-03-29
2022-23,22022,2544,0022201157,"Mar 31, 2023",LAL @ MIN,W,32,7,19,0.368,1,3,0.333,3,4,0.75,1,9,10,6,1,2,3,1,18,3,1,2023-03-31,50,77,2023-03-31
2022-23,22022,2544,0022201171,"Apr 02, 2023",LAL @ HOU,W,29,8,18,0.444,1,7,0.143,1,1,1.0,2,8,10,11,0,1,1,1,18,23,1,2023-04-02,51,78,2023-04-02
2022-23,22022,2544,0022201186,"Apr 04, 2023",LAL @ UTA,W,38,14,27,0.519,3,10,0.3,6,6,1.0,0,5,5,6,1,1,5,2,37,-7,1,2023-04-04,52,79,2023-04-04
2022-23,22022,2544,0022201196,"Apr 05, 2023",LAL @ LAC,L,35,13,20,0.65,4,6,0.667,3,5,0.6,0,8,8,7,1,1,6,0,33,-10,1,2023-04-05,53,80,2023-04-05
2022-23,22022,2544,0022201212,"Apr 07, 2023",LAL vs. PHX,W,29,6,19,0.316,3,7,0.429,1,2,0.5,0,6,6,6,0,0,5,1,16,11,1,2023-04-07,54,81,2023-04-07
2022-23,22022,2544,0022201228,"Apr 09, 2023",LAL vs. UTA,W,33,13,25,0.52,8,14,0.571,2,2,1.0,1,5,6,6,1,1,2,0,36,20,1,2023-04-09,55,82,2023-04-09
2023-24,22023,2544,0022300061,"Oct 24, 2023",LAL @ DEN,L,29,10,16,0.625,1,4,0.25,0,1,0.0,1,7,8,5,1,0,0,1,21,7,1,2023-10-24,1,1,2023-10-24
2023-24,22023,2544,0022300076,"Oct 26, 2023",LAL vs. PHX,W,35,7,14,0.5,1,5,0.2,6,8,0.75,1,7,8,9,2,2,5,1,21,22,1,2023-10-26,2,2,2023-10-26
2023-24,22023,2544,0022300100,"Oct 29, 2023",LAL @ SAC,L,39,11,19,0.579,3,8,0.375,2,6,0.333,0,15,15,8,0,0,8,2,27,-5,1,2023-10-29,3,3,2023-10-29
2023-24,22023,2544,0022300111,"Oct 30, 2023",LAL vs. ORL,W,33,7,17,0.412,2,6,0.333,3,4,0.75,0,3,3,4,3,1,5,0,19,5,1,2023-10-30,4,4,2023-10-30
2023-24,22023,2544,0022300127,"Nov 01, 2023",LAL vs. LAC,W,42,13,19,0.684,4,8,0.5,5,10,0.5,0,12,12,7,1,2,4,3,35,6,1,2023-11-01,5,5,2023-11-01
2023-24,22023,2544,0022300134,"Nov 04, 2023",LAL @ ORL,L,35,8,15,0.533,2,5,0.4,6,7,0.857,1,8,9,5,3,0,3,1,24,12,1,2023-11-04,6,6,2023-11-04
2023-24,22023,2544,0022300150,"Nov 06, 2023",LAL @ MIA,L,37,13,23,0.565,0,4,0.0,4,4,1.0,0,4,4,3,1,3,5,4,30,6,1,2023-11-06,7,7,2023-11-06
2023-24,22023,2544,0022300163,"Nov 08, 2023",LAL @ HOU,L,27,7,13,0.538,0,2,0.0,4,5,0.8,1,5,6,2,0,0,3,1,18,-24,1,2023-11-08,8,8,2023-11-08
2023-24,22023,2544,0022300015,"Nov 10, 2023",LAL @ PHX,W,36,11,17,0.647,3,4,0.75,7,11,0.636,1,10,11,6,1,1,4,1,32,2,1,2023-11-10,9,9,2023-11-10
2023-24,22023,2544,0022300026,"Nov 14, 2023",LAL vs. MEM,W,23,6,11,0.545,3,6,0.5,1,2,0.5,0,9,9,6,1,0,4,1,16,15,1,2023-11-14,10,11,2023-11-14
2023-24,22023,2544,0022300198,"Nov 15, 2023",LAL vs. SAC,L,35,9,15,0.6,3,7,0.429,7,8,0.875,2,8,10,12,4,1,6,1,28,0,1,2023-11-15,11,12,2023-11-15
2023-24,22023,2544,0022300036,"Nov 17, 2023",LAL @ POR,W,35,13,22,0.591,5,9,0.556,4,6,0.667,0,5,5,9,2,0,3,3,35,19,1,2023-11-17,12,13,2023-11-17
2023-24,22023,2544,0022300216,"Nov 19, 2023",LAL vs. HOU,W,40,14,19,0.737,2,5,0.4,7,9,0.778,1,5,6,8,3,0,2,0,37,2,1,2023-11-19,13,14,2023-11-19
2023-24,22023,2544,0022300042,"Nov 21, 2023",LAL vs. UTA,W,24,6,10,0.6,3,5,0.6,2,2,1.0,1,6,7,9,0,0,2,0,17,14,1,2023-11-21,14,15,2023-11-21
2023-24,22023,2544,0022300238,"Nov 22, 2023",LAL vs. DAL,L,36,9,19,0.474,4,9,0.444,4,7,0.571,2,7,9,7,0,0,3,0,26,7,1,2023-11-22,15,16,2023-11-22
2023-24,22023,2544,0022300242,"Nov 25, 2023",LAL @ CLE,W,36,8,23,0.348,1,9,0.111,5,7,0.714,1,5,6,6,2,2,4,1,22,2,1,2023-11-25,16,17,2023-11-25
2023-24,22023,2544,0022300255,"Nov 27, 2023",LAL @ PHI,L,30,8,12,0.667,1,1,1.0,1,2,0.5,0,0,0,5,1,1,1,0,18,-30,1,2023-11-27,17,18,2023-11-27
2023-24,22023,2544,0022300258,"Nov 29, 2023",LAL @ DET,W,29,9,19,0.474,2,6,0.333,5,5,1.0,2,6,8,3,0,0,1,0,25,26,1,2023-11-29,18,19,2023-11-29
2023-24,22023,2544,0022300271,"Nov 30, 2023",LAL @ OKC,L,35,7,12,0.583,4,8,0.5,3,4,0.75,2,10,12,6,1,1,5,1,21,-18,1,2023-11-30,19,20,2023-11-30
2023-24,22023,2544,0022300291,"Dec 02, 2023",LAL vs. HOU,W,35,7,17,0.412,0,4,0.0,2,5,0.4,0,4,4,7,1,1,5,0,16,16,1,2023-12-02,20,21,2023-12-02
2023-24,22023,2544,0022301203,"Dec 05, 2023",LAL vs. PHX,W,40,12,25,0.48,2,4,0.5,5,6,0.833,3,5,8,11,5,0,2,3,31,12,1,2023-12-05,21,22,2023-12-05
2023-24,22023,2544,0022301230,"Dec 07, 2023",LAL vs. NOP,W,23,9,12,0.75,4,4,1.0,8,8,1.0,0,5,5,8,0,0,0,1,30,36,1,2023-12-07,22,23,2023-12-07
2023-24,22023,2544,0022300306,"Dec 12, 2023",LAL @ DAL,L,40,14,27,0.519,3,8,0.375,2,3,0.667,2,6,8,9,3,1,4,1,33,-4,1,2023-12-12,23,24,2023-12-12
2023-24,22023,2544,0022300331,"Dec 15, 2023",LAL @ SAS,L,36,7,17,0.412,2,6,0.333,7,10,0.7,2,5,7,14,2,0,2,1,23,-28,1,2023-12-15,24,26,2023-12-15
2023-24,22023,2544,0022300359,"Dec 18, 2023",LAL vs. NYK,L,39,10,23,0.435,2,8,0.25,3,4,0.75,1,10,11,11,1,0,2,1,25,-13,1,2023-12-18,25,27,2023-12-18
2023-24,22023,2544,0022300370,"Dec 20, 2023",LAL @ CHI,L,37,10,18,0.556,1,3,0.333,4,4,1.0,2,8,10,9,1,2,5,0,25,-11,1,2023-12-20,26,28,2023-12-20
2023-24,22023,2544,0022300397,"Dec 23, 2023",LAL @ OKC,W,37,13,20,0.65,5,5,1.0,9,9,1.0,2,5,7,7,2,2,3,0,40,10,1,2023-12-23,27,30,2023-12-23
2023-24,22023,2544,0022300403,"Dec 25, 2023",LAL vs. BOS,L,37,5,14,0.357,1,2,0.5,5,6,0.833,0,9,9,8,0,0,3,1,16,-11,1,2023-12-25,28,31,2023-12-25
2023-24,22023,2544,0022300428,"Dec 28, 2023",LAL vs. CHA,W,25,7,13,0.538,2,5,0.4,1,1,1.0,0,4,4,11,0,0,3,0,17,1,1,2023-12-28,29,32,2023-12-28
2023-24,22023,2544,0022300443,"Dec 30, 2023",LAL @ MIN,L,39,10,21,0.476,1,4,0.25,5,7,0.714,0,3,3,6,3,1,1,2,26,-5,1,2023-12-30,30,33,2023-12-30
2023-24,22023,2544,0022300446,"Dec 31, 2023",LAL @ NOP,L,37,12,24,0.5,3,7,0.429,7,8,0.875,0,5,5,8,0,1,4,2,34,-11,1,2023-12-31,31,34,2023-12-31
2023-24,22023,2544,0022300475,"Jan 03, 2024",LAL vs. MIA,L,38,6,18,0.333,0,6,0.0,0,0,0.0,0,6,6,9,0,0,2,2,12,-20,1,2024-01-03,32,35,2024-01-03
2023-24,22023,2544,0022300491,"Jan 05, 2024",LAL vs. MEM,L,39,11,24,0.458,4,9,0.444,6,10,0.6,2,3,5,7,5,0,4,0,32,-8,1,2024-01-05,33,36,2024-01-05
2023-24,22023,2544,0022300505,"Jan 07, 2024",LAL vs. LAC,W,38,11,19,0.579,1,3,0.333,2,3,0.667,1,7,8,7,1,0,4,2,25,5,1,2024-01-07,34,37,2024-01-07
2023-24,22023,2544,0022300516,"Jan 09, 2024",LAL vs. TOR,W,35,8,17,0.471,2,5,0.4,4,6,0.667,0,5,5,12,1,1,3,0,22,0,1,2024-01-09,35,38,2024-01-09
2023-24,22023,2544,0022300531,"Jan 11, 2024",LAL vs. PHX,L,24,3,11,0.273,0,4,0.0,4,7,0.571,0,5,5,9,1,0,4,1,10,-25,1,2024-01-11,36,39,2024-01-11
2023-24,22023,2544,0022300565,"Jan 15, 2024",LAL vs. OKC,W,39,12,20,0.6,1,2,0.5,0,1,0.0,0,7,7,6,0,0,5,1,25,2,1,2024-01-15,37,41,2024-01-15
2023-24,22023,2544,0022300577,"Jan 17, 2024",LAL vs. DAL,W,33,10,19,0.526,3,7,0.429,2,2,1.0,1,7,8,8,1,0,3,1,25,20,1,2024-01-17,38,42,2024-01-17
2023-24,22023,2544,0022300591,"Jan 19, 2024",LAL vs. BKN,L,34,9,22,0.409,2,5,0.4,4,5,0.8,5,6,11,5,0,0,4,1,24,-13,1,2024-01-19,39,43,2024-01-19
2023-24,22023,2544,0022300605,"Jan 21, 2024",LAL vs. POR,W,31,8,16,0.5,3,8,0.375,9,10,0.9,0,5,5,5,0,0,3,2,28,28,1,2024-01-21,40,44,2024-01-21
2023-24,22023,2544,0022300633,"Jan 25, 2024",LAL vs. CHI,W,36,10,19,0.526,3,4,0.75,2,2,1.0,0,4,4,12,2,0,5,2,25,14,1,2024-01-25,41,46,2024-01-25
2023-24,22023,2544,0022300650,"Jan 27, 2024",LAL @ GSW,W,48,14,25,0.56,2,4,0.5,6,6,1.0,1,19,20,12,0,0,3,2,36,-6,1,2024-01-27,42,47,2024-01-27
2023-24,22023,2544,0022300662,"Jan 29, 2024",LAL @ HOU,L,37,9,15,0.6,2,5,0.4,3,8,0.375,0,6,6,10,1,1,1,4,23,-11,1,2024-01-29,43,48,2024-01-29
2023-24,22023,2544,0022300669,"Jan 30, 2024",LAL @ ATL,L,36,7,17,0.412,2,6,0.333,4,9,0.444,2,7,9,8,1,1,3,1,20,-6,1,2024-01-30,44,49,2024-01-30
2023-24,22023,2544,0022300701,"Feb 03, 2024",LAL @ NYK,W,40,10,19,0.526,2,5,0.4,2,2,1.0,1,4,5,5,2,1,1,1,24,11,1,2024-02-03,45,51,2024-02-03
2023-24,22023,2544,0022300713,"Feb 05, 2024",LAL @ CHA,W,40,12,22,0.545,0,5,0.0,2,3,0.667,0,4,4,7,1,1,4,2,26,2,1,2024-02-05,46,52,2024-02-05
2023-24,22023,2544,0022300740,"Feb 08, 2024",LAL vs. DEN,L,35,9,20,0.45,2,6,0.333,5,5,1.0,1,8,9,7,1,1,2,0,25,-6,1,2024-02-08,47,53,2024-02-08
2023-24,22023,2544,0022300747,"Feb 09, 2024",LAL vs. NOP,W,38,6,13,0.462,2,2,1.0,7,8,0.875,1,3,4,14,1,1,2,2,21,15,1,2024-02-09,48,54,2024-02-09
2023-24,22023,2544,0022300776,"Feb 13, 2024",LAL vs. DET,W,31,9,15,0.6,3,6,0.5,4,4,1.0,0,1,1,8,0,0,4,0,25,9,1,2024-02-13,49,55,2024-02-13
2023-24,22023,2544,0022300813,"Feb 23, 2024",LAL vs. SAS,W,34,13,22,0.591,2,3,0.667,2,2,1.0,1,6,7,9,1,0,2,0,30,21,1,2024-02-23,50,58,2024-02-23
2023-24,22023,2544,0022300818,"Feb 25, 2024",LAL @ PHX,L,37,12,19,0.632,3,6,0.5,1,4,0.25,1,6,7,12,2,1,3,3,28,-8,1,2024-02-25,51,59,2024-02-25
2023-24,22023,2544,0022300848,"Feb 28, 2024",LAL @ LAC,W,37,13,21,0.619,7,12,0.583,1,1,1.0,1,5,6,8,0,2,3,2,34,11,1,2024-02-28,52,60,2024-02-28
2023-24,22023,2544,0022300856,"Feb 29, 2024",LAL vs. WAS,W,39,12,24,0.5,2,5,0.4,5,7,0.714,0,4,4,9,1,1,4,1,31,-5,1,2024-02-29,53,61,2024-02-29
2023-24,22023,2544,0022300869,"Mar 02, 2024",LAL vs. DEN,L,37,12,20,0.6,2,5,0.4,0,2,0.0,0,4,4,9,3,0,3,1,26,-1,1,2024-03-02,54,62,2024-03-02
2023-24,22023,2544,0022300884,"Mar 04, 2024",LAL vs. OKC,W,31,7,14,0.5,1,3,0.333,4,5,0.8,1,10,11,8,1,0,3,1,19,14,1,2024-03-04,55,63,2024-03-04
2023-24,22023,2544,0022300901,"Mar 06, 2024",LAL vs. SAC,L,36,10,16,0.625,1,4,0.25,10,10,1.0,0,5,5,13,1,0,3,0,31,-3,1,2024-03-06,56,64,2024-03-06
2023-24,22023,2544,0022300932,"Mar 10, 2024",LAL vs. MIN,W,38,10,16,0.625,2,4,0.5,7,9,0.778,0,8,8,9,0,0,4,1,29,14,1,2024-03-10,57,66,2024-03-10
2023-24,22023,2544,0022300954,"Mar 13, 2024",LAL @ SAC,L,40,6,16,0.375,2,8,0.25,4,6,0.667,1,12,13,9,2,0,5,3,18,-10,1,2024-03-13,58,67,2024-03-13
2023-24,22023,2544,0022300973,"Mar 16, 2024",LAL vs. GSW,L,38,15,23,0.652,3,5,0.6,7,8,0.875,3,5,8,9,1,1,4,1,40,-6,1,2024-03-16,59,68,2024-03-16
2023-24,22023,2544,0022300990,"Mar 18, 2024",LAL vs. ATL,W,29,10,14,0.714,2,5,0.4,3,3,1.0,0,7,7,10,0,0,2,0,25,20,1,2024-03-18,60,69,2024-03-18
2023-24,22023,2544,0022301018,"Mar 22, 2024",LAL vs. PHI,W,38,7,15,0.467,1,3,0.333,5,7,0.714,0,8,8,6,0,1,8,1,20,7,1,2024-03-22,61,70,2024-03-22
2023-24,22023,2544,0022301032,"Mar 24, 2024",LAL vs. IND,W,38,8,19,0.421,2,4,0.5,8,8,1.0,1,4,5,10,1,1,3,1,26,12,1,2024-03-24,62,71,2024-03-24
2023-24,22023,2544,0022301055,"Mar 27, 2024",LAL @ MEM,W,35,8,14,0.571,0,1,0.0,7,11,0.636,0,14,14,12,1,0,4,1,23,33,1,2024-03-27,63,73,2024-03-27
2023-24,22023,2544,0022301063,"Mar 29, 2024",LAL @ IND,L,35,6,12,0.5,0,3,0.0,4,4,1.0,1,9,10,8,0,0,5,1,16,-13,1,2024-03-29,64,74,2024-03-29
2023-24,22023,2544,0022301078,"Mar 31, 2024",LAL @ BKN,W,37,13,17,0.765,9,10,0.9,5,6,0.833,1,6,7,5,0,0,4,0,40,22,1,2024-03-31,65,75,2024-03-31
2023-24,22023,2544,0022301094,"Apr 02, 2024",LAL @ TOR,W,29,10,12,0.833,1,1,1.0,2,5,0.4,0,4,4,9,0,0,1,0,23,13,1,2024-04-02,66,76,2024-04-02
2023-24,22023,2544,0022301103,"Apr 03, 2024",LAL @ WAS,W,36,9,18,0.5,0,1,0.0,7,9,0.778,2,5,7,9,3,0,4,2,25,9,1,2024-04-03,67,77,2024-04-03
2023-24,22023,2544,0022301127,"Apr 06, 2024",LAL vs. CLE,W,36,10,18,0.556,1,5,0.2,3,5,0.6,0,5,5,12,1,1,5,1,24,10,1,2024-04-06,68,78,2024-04-06
2023-24,22023,2544,0022301155,"Apr 09, 2024",LAL vs. GSW,L,36,14,22,0.636,1,3,0.333,4,5,0.8,1,6,7,11,2,0,4,0,33,-6,1,2024-04-09,69,80,2024-04-09
2023-24,22023,2544,0022301177,"Apr 12, 2024",LAL @ MEM,W,41,13,20,0.65,3,7,0.429,8,11,0.727,2,7,9,5,2,0,8,1,37,-3,1,2024-04-12,70,81,2024-04-12
2023-24,22023,2544,0022301195,"Apr 14, 2024",LAL @ NOP,W,38,11,20,0.55,0,2,0.0,6,6,1.0,2,9,11,17,5,1,4,0,28,19,1,2024-04-14,71,82,2024-04-14
2024-25,22024,2544,0022400062,"Oct 22, 2024",LAL vs. MIN,W,35,7,16,0.438,1,4,0.25,1,1,1.0,0,5,5,4,0,2,2,3,16,-6,1,2024-10-22,1,1,2024-10-22
2024-25,22024,2544,0022400085,"Oct 25, 2024",LAL vs. PHX,W,35,7,13,0.538,2,5,0.4,5,8,0.625,0,4,4,8,0,0,2,1,21,14,1,2024-10-25,2,2,2024-10-25
2024-25,22024,2544,0022400096,"Oct 26, 2024",LAL vs. SAC,W,34,12,22,0.545,4,9,0.444,4,4,1.0,0,14,14,10,0,1,5,3,32,13,1,2024-10-26,3,3,2024-10-26
2024-25,22024,2544,0022400111,"Oct 28, 2024",LAL @ PHX,L,36,3,14,0.214,2,5,0.4,3,6,0.5,0,5,5,8,1,0,2,1,11,-17,1,2024-10-28,4,4,2024-10-28
2024-25,22024,2544,0022400118,"Oct 30, 2024",LAL @ CLE,L,29,9,13,0.692,1,3,0.333,7,7,1.0,1,5,6,3,0,0,6,2,26,-17,1,2024-10-30,5,5,2024-10-30
2024-25,22024,2544,0022400137,"Nov 01, 2024",LAL @ TOR,W,36,9,17,0.529,5,8,0.625,4,6,0.667,0,6,6,10,1,0,0,1,27,11,1,2024-11-01,6,6,2024-11-01
2024-25,22024,2544,0022400156,"Nov 04, 2024",LAL @ DET,L,40,7,16,0.438,1,2,0.5,5,5,1.0,1,7,8,11,2,0,1,1,20,-16,1,2024-11-04,7,7,2024-11-04
2024-25,22024,2544,0022400174,"Nov 06, 2024",LAL @ MEM,L,35,15,24,0.625,6,11,0.545,3,4,0.75,0,7,7,6,1,0,5,2,39,-21,1,2024-11-06,8,8,2024-11-06
2024-25,22024,2544,0022400195,"Nov 08, 2024",LAL vs. PHI,W,34,9,14,0.643,2,4,0.5,1,1,1.0,0,12,12,13,0,3,2,0,21,12,1,2024-11-08,9,9,2024-11-08
2024-25,22024,2544,0022400211,"Nov 10, 2024",LAL vs. TOR,W,35,6,14,0.429,0,3,0.0,7,7,1.0,2,8,10,16,1,0,3,0,19,13,1,2024-11-10,10,10,2024-11-10
2024-25,22024,2544,0022400225,"Nov 13, 2024",LAL vs. MEM,W,37,13,22,0.591,4,7,0.571,5,8,0.625,1,11,12,14,1,0,6,2,35,3,1,2024-11-13,11,11,2024-11-13
2024-25,22024,2544,0022400015,"Nov 15, 2024",LAL @ SAS,W,38,6,12,0.5,1,4,0.25,2,4,0.5,1,15,16,12,1,0,7,0,15,3,1,2024-11-15,12,12,2024-11-15
2024-25,22024,2544,0022400231,"Nov 16, 2024",LAL @ NOP,W,37,8,19,0.421,2,7,0.286,3,5,0.6,4,3,7,5,1,0,6,1,21,1,1,2024-11-16,13,13,2024-11-16
2024-25,22024,2544,0022400026,"Nov 19, 2024",LAL vs. UTA,W,34,9,17,0.529,1,5,0.2,7,11,0.636,0,2,2,12,0,0,4,1,26,-5,1,2024-11-19,14,14,2024-11-19
2024-25,22024,2544,0022400263,"Nov 21, 2024",LAL vs. ORL,L,37,12,22,0.545,5,9,0.556,2,4,0.5,2,8,10,7,0,1,4,0,31,-8,1,2024-11-21,15,15,2024-11-21
2024-25,22024,2544,0022400270,"Nov 23, 2024",LAL vs. DEN,L,35,7,17,0.412,1,4,0.25,3,3,1.0,0,6,6,7,3,0,6,3,18,-25,1,2024-11-23,16,16,2024-11-23
2024-25,22024,2544,0022400039,"Nov 26, 2024",LAL @ PHX,L,35,7,16,0.438,2,7,0.286,2,2,1.0,1,7,8,10,0,0,5,0,18,-30,1,2024-11-26,17,17,2024-11-26
2024-25,22024,2544,0022400296,"Nov 27, 2024",LAL @ SAS,W,33,8,18,0.444,0,2,0.0,0,0,0.0,3,7,10,11,1,1,5,0,16,4,1,2024-11-27,18,18,2024-11-27
2024-25,22024,2544,0022400048,"Nov 29, 2024",LAL vs. OKC,L,34,5,13,0.385,0,4,0.0,2,2,1.0,0,8,8,6,0,0,5,0,12,-12,1,2024-11-29,19,19,2024-11-29
2024-25,22024,2544,0022400311,"Dec 01, 2024",LAL @ UTA,W,36,12,28,0.429,0,9,0.0,3,3,1.0,1,4,5,14,0,2,3,1,27,0,1,2024-12-01,20,20,2024-12-01
2024-25,22024,2544,0022400318,"Dec 02, 2024",LAL @ MIN,L,31,4,16,0.25,0,4,0.0,2,4,0.5,3,5,8,4,0,0,6,1,10,-28,1,2024-12-02,21,21,2024-12-02
2024-25,22024,2544,0022400321,"Dec 04, 2024",LAL @ MIA,L,29,12,18,0.667,1,4,0.25,4,4,1.0,1,4,5,8,1,0,5,2,29,-21,1,2024-12-04,22,22,2024-12-04
2024-25,22024,2544,0022400334,"Dec 06, 2024",LAL @ ATL,L,43,14,25,0.56,6,11,0.545,5,6,0.833,0,10,10,11,2,3,4,3,39,3,1,2024-12-06,23,23,2024-12-06
2024-25,22024,2544,0022401220,"Dec 15, 2024",LAL vs. MEM,W,34,7,17,0.412,3,6,0.5,1,4,0.25,4,4,8,8,1,2,5,2,18,0,1,2024-12-15,24,26,2024-12-15
2024-25,22024,2544,0022400372,"Dec 19, 2024",LAL @ SAC,W,34,8,21,0.381,1,4,0.25,2,2,1.0,0,6,6,7,0,1,2,1,19,13,1,2024-12-19,25,27,2024-12-19
2024-25,22024,2544,0022400376,"Dec 21, 2024",LAL @ SAC,W,34,13,24,0.542,1,8,0.125,5,6,0.833,0,7,7,6,4,0,4,2,32,10,1,2024-12-21,26,28,2024-12-21
2024-25,22024,2544,0022400404,"Dec 23, 2024",LAL vs. DET,L,35,10,16,0.625,2,4,0.5,6,7,0.857,2,9,11,11,0,0,2,1,28,-1,1,2024-12-23,27,29,2024-12-23
2024-25,22024,2544,0022400408,"Dec 25, 2024",LAL @ GSW,W,37,12,22,0.545,2,4,0.5,5,5,1.0,0,4,4,10,2,1,1,3,31,4,1,2024-12-25,28,30,2024-12-25
2024-25,22024,2544,0022400454,"Dec 31, 2024",LAL vs. CLE,L,34,9,17,0.529,3,6,0.5,2,2,1.0,0,4,4,7,0,1,2,1,23,-11,1,2024-12-31,29,32,2024-12-31
2024-25,22024,2544,0022400468,"Jan 02, 2025",LAL vs. POR,W,36,15,25,0.6,7,10,0.7,1,2,0.5,1,2,3,8,0,0,4,1,38,4,1,2025-01-02,30,33,2025-01-02
2024-25,22024,2544,0022400477,"Jan 03, 2025",LAL vs. ATL,W,30,13,20,0.65,2,5,0.4,2,2,1.0,0,3,3,8,0,0,3,3,30,4,1,2025-01-03,31,34,2025-01-03
2024-25,22024,2544,0022400491,"Jan 05, 2025",LAL @ HOU,L,36,8,16,0.5,4,7,0.571,1,2,0.5,1,12,13,9,1,0,2,4,21,-13,1,2025-01-05,32,35,2025-01-05
2024-25,22024,2544,0022400504,"Jan 07, 2025",LAL @ DAL,L,35,6,12,0.5,1,4,0.25,5,6,0.833,0,10,10,8,1,0,2,0,18,-12,1,2025-01-07,33,36,2025-01-07
2024-25,22024,2544,0022400552,"Jan 13, 2025",LAL vs. SAS,L,32,7,11,0.636,2,3,0.667,2,4,0.5,1,4,5,8,1,1,7,3,18,-15,1,2025-01-13,34,37,2025-01-13
2024-25,22024,2544,0022400570,"Jan 15, 2025",LAL vs. MIA,W,38,9,15,0.6,3,6,0.5,1,2,0.5,1,4,5,9,2,0,2,0,22,14,1,2025-01-15,35,38,2025-01-15
2024-25,22024,2544,0022400585,"Jan 17, 2025",LAL vs. BKN,W,35,12,17,0.706,4,6,0.667,1,2,0.5,1,6,7,8,1,2,5,2,29,-11,1,2025-01-17,36,39,2025-01-17
2024-25,22024,2544,0022400596,"Jan 19, 2025",LAL @ LAC,L,35,9,20,0.45,2,6,0.333,5,6,0.833,2,3,5,11,3,1,5,3,25,-3,1,2025-01-19,37,40,2025-01-19
2024-25,22024,2544,0022400610,"Jan 21, 2025",LAL vs. WAS,W,36,8,18,0.444,2,6,0.333,3,3,1.0,0,10,10,13,2,1,5,0,21,19,1,2025-01-21,38,41,2025-01-21
2024-25,22024,2544,0022400629,"Jan 23, 2025",LAL vs. BOS,W,31,9,20,0.45,0,2,0.0,2,2,1.0,3,11,14,6,0,0,2,0,20,7,1,2025-01-23,39,42,2025-01-23
2024-25,22024,2544,0022400644,"Jan 25, 2025",LAL @ GSW,W,35,12,25,0.48,0,1,0.0,1,2,0.5,1,4,5,12,1,0,3,0,25,11,1,2025-01-25,40,43,2025-01-25
2024-25,22024,2544,0022400648,"Jan 27, 2025",LAL @ CHA,W,36,9,17,0.529,1,8,0.125,3,5,0.6,0,7,7,8,0,0,5,0,22,-1,1,2025-01-27,41,44,2025-01-27
2024-25,22024,2544,0022400660,"Jan 28, 2025",LAL @ PHI,L,33,10,16,0.625,1,4,0.25,10,11,0.909,1,7,8,9,1,0,8,1,31,-11,1,2025-01-28,42,45,2025-01-28
2024-25,22024,2544,0022400674,"Jan 30, 2025",LAL @ WAS,W,27,9,19,0.474,1,4,0.25,5,5,1.0,0,3,3,11,0,0,0,1,24,29,1,2025-01-30,43,46,2025-01-30
2024-25,22024,2544,0022400692,"Feb 01, 2025",LAL @ NYK,W,37,14,26,0.538,3,8,0.375,2,4,0.5,0,11,11,12,0,0,5,3,33,12,1,2025-02-01,44,47,2025-02-01
2024-25,22024,2544,0022400715,"Feb 04, 2025",LAL @ LAC,W,31,8,13,0.615,2,4,0.5,8,11,0.727,0,8,8,9,3,0,3,4,26,19,1,2025-02-04,45,48,2025-02-04
2024-25,22024,2544,0022400731,"Feb 06, 2025",LAL vs. GSW,W,38,14,25,0.56,6,9,0.667,8,10,0.8,1,16,17,8,1,1,3,1,42,7,1,2025-02-06,46,49,2025-02-06
2024-25,22024,2544,0022400768,"Feb 10, 2025",LAL vs. UTA,W,29,10,17,0.588,3,7,0.429,1,2,0.5,1,6,7,8,1,0,7,2,24,24,1,2025-02-10,47,51,2025-02-10
2024-25,22024,2544,0022400781,"Feb 12, 2025",LAL @ UTA,L,34,6,13,0.462,4,8,0.5,2,4,0.5,1,5,6,7,1,0,3,3,18,-10,1,2025-02-12,48,52,2025-02-12
2024-25,22024,2544,0022400524,"Feb 19, 2025",LAL vs. CHA,L,38,10,22,0.455,4,11,0.364,2,2,1.0,1,6,7,11,1,2,2,0,26,-4,1,2025-02-19,49,53,2025-02-19
2024-25,22024,2544,0022400796,"Feb 20, 2025",LAL @ POR,W,36,14,24,0.583,4,8,0.5,8,8,1.0,0,8,8,4,2,1,11,2,40,8,1,2025-02-20,50,54,2025-02-20
2024-25,22024,2544,0022400808,"Feb 22, 2025",LAL @ DEN,W,33,11,19,0.579,1,4,0.25,2,3,0.667,2,7,9,5,1,3,1,2,25,9,1,2025-02-22,51,55,2025-02-22
2024-25,22024,2544,0022400835,"Feb 25, 2025",LAL vs. DAL,W,37,11,17,0.647,2,4,0.5,3,4,0.75,3,9,12,3,1,0,6,2,27,-5,1,2025-02-25,52,56,2025-02-25
2024-25,22024,2544,0022400849,"Feb 27, 2025",LAL vs. MIN,W,37,11,21,0.524,4,9,0.444,7,10,0.7,5,12,17,6,1,1,4,1,33,12,1,2025-02-27,53,57,2025-02-27
2024-25,22024,2544,0022400859,"Feb 28, 2025",LAL vs. LAC,W,37,12,21,0.571,2,7,0.286,2,3,0.667,1,12,13,3,1,0,4,0,28,-1,1,2025-02-28,54,58,2025-02-28
2024-25,22024,2544,0022400874,"Mar 02, 2025",LAL vs. LAC,W,36,6,17,0.353,1,6,0.167,4,4,1.0,1,4,5,9,2,1,8,2,17,-5,1,2025-03-02,55,59,2025-03-02
2024-25,22024,2544,0022400890,"Mar 04, 2025",LAL vs. NOP,W,33,10,18,0.556,5,10,0.5,9,9,1.0,1,7,8,6,1,2,4,1,34,7,1,2025-03-04,56,60,2025-03-04
2024-25,22024,2544,0022400903,"Mar 06, 2025",LAL vs. NYK,W,44,11,23,0.478,2,8,0.25,7,8,0.875,1,11,12,8,0,1,1,3,31,4,1,2025-03-06,57,61,2025-03-06
2024-25,22024,2544,0022400918,"Mar 08, 2025",LAL @ BOS,L,35,11,23,0.478,0,6,0.0,0,3,0.0,2,12,14,9,0,0,1,3,22,-11,1,2025-03-08,58,62,2025-03-08
2024-25,22024,2544,0022401028,"Mar 22, 2025",LAL vs. CHI,L,31,7,16,0.438,1,2,0.5,2,5,0.4,0,6,6,4,3,0,5,1,17,-27,1,2025-03-22,59,70,2025-03-22
2024-25,22024,2544,0022401038,"Mar 24, 2025",LAL @ ORL,L,38,9,18,0.5,0,3,0.0,6,7,0.857,3,3,6,7,0,0,2,0,24,-17,1,2025-03-24,60,71,2025-03-24
2024-25,22024,2544,0022401055,"Mar 26, 2025",LAL @ IND,W,38,4,12,0.333,0,3,0.0,5,5,1.0,3,10,13,7,1,0,1,1,13,5,1,2025-03-26,61,72,2025-03-26
2024-25,22024,2544,0022401063,"Mar 27, 2025",LAL @ CHI,L,39,8,20,0.4,0,5,0.0,1,2,0.5,1,4,5,12,2,0,4,1,17,-10,1,2025-03-27,62,73,2025-03-27
2024-25,22024,2544,0022401078,"Mar 29, 2025",LAL @ MEM,W,37,10,21,0.476,2,5,0.4,3,4,0.75,1,5,6,8,3,1,3,3,25,-1,1,2025-03-29,63,74,2025-03-29
2024-25,22024,2544,0022401096,"Mar 31, 2025",LAL vs. HOU,W,38,5,12,0.417,2,4,0.5,4,4,1.0,0,8,8,4,2,2,3,1,16,9,1,2025-03-31,64,75,2025-03-31
2024-25,22024,2544,0022401117,"Apr 03, 2025",LAL vs. GSW,L,40,10,15,0.667,5,8,0.625,8,9,0.889,1,4,5,9,1,1,4,2,33,-1,1,2025-04-03,65,76,2025-04-03
2024-25,22024,2544,0022401126,"Apr 04, 2025",LAL vs. NOP,W,33,9,17,0.529,2,7,0.286,7,8,0.875,0,0,0,8,2,0,1,1,27,7,1,2025-04-04,66,77,2025-04-04
2024-25,22024,2544,0022401135,"Apr 06, 2025",LAL @ OKC,W,34,9,16,0.563,1,1,1.0,0,0,0.0,2,1,3,7,1,0,2,0,19,7,1,2025-04-06,67,78,2025-04-06
2024-25,22024,2544,0022401153,"Apr 08, 2025",LAL @ OKC,L,35,8,19,0.421,3,6,0.5,9,10,0.9,0,7,7,3,1,0,6,1,28,-23,1,2025-04-08,68,79,2025-04-08
2024-25,22024,2544,0022401159,"Apr 09, 2025",LAL @ DAL,W,36,11,20,0.55,0,4,0.0,5,6,0.833,2,5,7,3,1,0,2,2,27,18,1,2025-04-09,69,80,2025-04-09
2024-25,22024,2544,0022401185,"Apr 11, 2025",LAL vs. HOU,W,22,6,11,0.545,1,4,0.25,1,1,1.0,0,4,4,8,1,0,1,1,14,5,1,2025-04-11,70,81,2025-04-11
2025-26,22025,2544,0022500253,"Nov 18, 2025",LAL vs. UTA,W,30,4,7,0.571,2,3,0.667,1,4,0.25,1,2,3,12,1,0,1,0,11,1,1,2025-11-18,1,15,2025-11-18
2025-26,22025,2544,0022500282,"Nov 23, 2025",LAL @ UTA,W,34,8,18,0.444,0,4,0.0,1,2,0.5,0,6,6,8,1,0,2,2,17,-14,1,2025-11-23,2,16,2025-11-23
2025-26,22025,2544,0022500059,"Nov 25, 2025",LAL vs. LAC,W,32,9,15,0.6,2,5,0.4,5,6,0.833,1,5,6,6,1,1,3,3,25,18,1,2025-11-25,3,17,2025-11-25
2025-26,22025,2544,0022500078,"Nov 28, 2025",LAL vs. DAL,W,34,5,13,0.385,2,6,0.333,1,4,0.25,1,4,5,7,1,0,2,1,13,13,1,2025-11-28,4,18,2025-11-28
2025-26,22025,2544,0022500317,"Dec 01, 2025",LAL vs. PHX,L,31,3,10,0.3,1,4,0.25,3,4,0.75,0,0,0,3,0,0,3,2,10,-6,1,2025-12-01,5,20,2025-12-01
2025-26,22025,2544,0022500336,"Dec 04, 2025",LAL @ TOR,W,36,4,17,0.235,0,5,0.0,0,0,0.0,1,5,6,11,0,0,0,1,8,-1,1,2025-12-04,6,21,2025-12-04
2025-26,22025,2544,0022500362,"Dec 07, 2025",LAL @ PHI,W,34,12,17,0.706,4,6,0.667,1,2,0.5,1,6,7,6,1,1,2,1,29,1,1,2025-12-07,7,23,2025-12-07
2025-26,22025,2544,0022501204,"Dec 10, 2025",LAL vs. SAS,L,36,7,14,0.5,0,3,0.0,5,6,0.833,1,14,15,8,0,3,3,2,19,-16,1,2025-12-10,8,24,2025-12-10
2025-26,22025,2544,0022501228,"Dec 14, 2025",LAL @ PHX,W,36,8,17,0.471,1,5,0.2,9,14,0.643,1,2,3,4,2,2,8,3,26,8,1,2025-12-14,9,25,2025-12-14
2025-26,22025,2544,0022500379,"Dec 18, 2025",LAL @ UTA,W,33,8,17,0.471,0,5,0.0,12,13,0.923,1,6,7,10,1,0,2,1,28,-6,1,2025-12-18,10,26,2025-12-18
2025-26,22025,2544,0022500395,"Dec 20, 2025",LAL @ LAC,L,38,15,28,0.536,3,7,0.429,3,5,0.6,1,3,4,3,2,1,3,1,36,-6,1,2025-12-20,11,27,2025-12-20
2025-26,22025,2544,0022500418,"Dec 23, 2025",LAL @ PHX,L,26,7,14,0.5,3,5,0.6,6,11,0.545,0,2,2,6,0,0,0,0,23,-18,1,2025-12-23,12,28,2025-12-23
2025-26,22025,2544,0022500012,"Dec 25, 2025",LAL vs. HOU,L,32,7,13,0.538,1,3,0.333,3,4,0.75,0,2,2,5,2,1,3,3,18,-33,1,2025-12-25,13,29,2025-12-25
2025-26,22025,2544,0022500446,"Dec 28, 2025",LAL vs. SAC,W,29,11,13,0.846,1,2,0.5,1,1,1.0,1,2,3,5,2,0,2,0,24,20,1,2025-12-28,14,30,2025-12-28
2025-26,22025,2544,0022500460,"Dec 30, 2025",LAL vs. DET,L,32,6,17,0.353,3,10,0.3,2,5,0.4,0,4,4,4,1,1,5,1,17,-16,1,2025-12-30,15,31,2025-12-30
2025-26,22025,2544,0022500485,"Jan 02, 2026",LAL vs. MEM,W,36,12,18,0.667,1,5,0.2,6,6,1.0,0,9,9,6,0,0,4,3,31,11,1,2026-01-02,16,32,2026-01-02
2025-26,22025,2544,0022500501,"Jan 04, 2026",LAL vs. MEM,W,37,8,14,0.571,2,7,0.286,8,10,0.8,0,7,7,10,1,0,1,2,26,6,1,2026-01-04,17,33,2026-01-04
2025-26,22025,2544,0022500514,"Jan 06, 2026",LAL @ NOP,W,33,10,19,0.526,3,5,0.6,7,7,1.0,0,8,8,8,2,1,1,2,30,10,1,2026-01-06,18,34,2026-01-06
2025-26,22025,2544,0022500541,"Jan 09, 2026",LAL vs. MIL,L,33,10,21,0.476,2,7,0.286,4,6,0.667,1,8,9,10,3,0,3,1,26,8,1,2026-01-09,19,36,2026-01-09
2025-26,22025,2544,0022500562,"Jan 12, 2026",LAL @ SAC,L,33,8,17,0.471,0,5,0.0,6,6,1.0,0,4,4,3,1,0,3,1,22,-9,1,2026-01-12,20,37,2026-01-12
2025-26,22025,2544,0022500569,"Jan 13, 2026",LAL vs. ATL,W,33,12,20,0.6,2,4,0.5,5,6,0.833,1,8,9,10,1,1,4,1,31,17,1,2026-01-13,21,38,2026-01-13
2025-26,22025,2544,0022500586,"Jan 15, 2026",LAL vs. CHA,L,33,10,19,0.526,3,6,0.5,6,7,0.857,2,7,9,6,2,1,3,0,29,-7,1,2026-01-15,22,39,2026-01-15
2025-26,22025,2544,0022500601,"Jan 17, 2026",LAL @ POR,L,32,6,16,0.375,1,3,0.333,7,7,1.0,1,8,9,8,1,2,4,2,20,-16,1,2026-01-17,23,40,2026-01-17
2025-26,22025,2544,0022500607,"Jan 18, 2026",LAL vs. TOR,W,32,9,17,0.529,2,4,0.5,4,4,1.0,2,2,4,7,0,2,3,0,24,18,1,2026-01-18,24,41,2026-01-18
2025-26,22025,2544,0022500617,"Jan 20, 2026",LAL @ DEN,W,34,8,15,0.533,1,1,1.0,2,6,0.333,1,8,9,8,0,0,6,2,19,13,1,2026-01-20,25,42,2026-01-20
2025-26,22025,2544,0022500633,"Jan 22, 2026",LAL @ LAC,L,36,9,19,0.474,1,4,0.25,4,5,0.8,0,5,5,6,2,0,4,1,23,-7,1,2026-01-22,26,43,2026-01-22
2025-26,22025,2544,0022500648,"Jan 24, 2026",LAL @ DAL,W,37,8,16,0.5,1,3,0.333,0,0,0.0,2,6,8,5,1,1,1,2,17,-8,1,2026-01-24,27,44,2026-01-24
2025-26,22025,2544,0022500661,"Jan 26, 2026",LAL @ CHI,W,33,9,19,0.474,1,4,0.25,5,6,0.833,0,5,5,3,1,0,2,3,24,-14,1,2026-01-26,28,45,2026-01-26
2025-26,22025,2544,0022500671,"Jan 28, 2026",LAL @ CLE,L,27,3,10,0.3,0,3,0.0,5,6,0.833,1,2,3,5,1,0,6,3,11,-23,1,2026-01-28,29,46,2026-01-28
2025-26,22025,2544,0022500688,"Jan 30, 2026",LAL @ WAS,W,30,8,16,0.5,2,3,0.667,2,2,1.0,0,3,3,6,2,0,3,1,20,25,1,2026-01-30,30,47,2026-01-30
2025-26,22025,2544,0022500708,"Feb 01, 2026",LAL @ NYK,L,35,9,15,0.6,2,6,0.333,2,6,0.333,1,4,5,6,1,0,1,0,22,-17,1,2026-02-01,31,48,2026-02-01
2025-26,22025,2544,0022500719,"Feb 03, 2026",LAL @ BKN,W,30,10,16,0.625,0,3,0.0,5,7,0.714,1,2,3,7,3,0,1,1,25,24,1,2026-02-03,32,49,2026-02-03
2025-26,22025,2544,0022500740,"Feb 05, 2026",LAL vs. PHI,W,37,7,17,0.412,0,3,0.0,3,3,1.0,0,4,4,10,0,1,8,1,17,-5,1,2026-02-05,33,50,2026-02-05
2025-26,22025,2544,0022500753,"Feb 07, 2026",LAL vs. GSW,W,35,6,17,0.353,2,7,0.286,6,7,0.857,0,7,7,10,1,1,7,1,20,7,1,2026-02-07,34,51,2026-02-07
2025-26,22025,2544,0022500769,"Feb 09, 2026",LAL vs. OKC,L,36,9,17,0.529,0,4,0.0,4,6,0.667,1,5,6,10,1,0,3,1,22,-7,1,2026-02-09,35,52,2026-02-09
2025-26,22025,2544,0022500791,"Feb 12, 2026",LAL vs. DAL,W,35,10,20,0.5,2,7,0.286,6,7,0.857,0,10,10,12,0,1,4,0,28,6,1,2026-02-12,36,54,2026-02-12
2025-26,22025,2544,0022500809,"Feb 20, 2026",LAL vs. LAC,W,33,5,13,0.385,1,3,0.333,2,2,1.0,0,3,3,11,1,0,3,3,13,-7,1,2026-02-20,37,55,2026-02-20
2025-26,22025,2544,0022500823,"Feb 22, 2026",LAL vs. BOS,L,34,9,21,0.429,1,5,0.2,1,1,1.0,1,3,4,5,2,1,1,0,20,-14,1,2026-02-22,38,56,2026-02-22
2025-26,22025,2544,0022500840,"Feb 24, 2026",LAL vs. ORL,L,32,8,13,0.615,2,6,0.333,3,4,0.75,2,4,6,4,0,2,5,2,21,-1,1,2026-02-24,39,57,2026-02-24
2025-26,22025,2544,0022500855,"Feb 26, 2026",LAL @ PHX,L,35,7,16,0.438,0,3,0.0,1,2,0.5,2,4,6,5,0,0,1,0,15,5,1,2026-02-26,40,58,2026-02-26
2025-26,22025,2544,0022500866,"Feb 28, 2026",LAL @ GSW,W,28,7,13,0.538,4,6,0.667,4,5,0.8,2,5,7,9,1,0,4,1,22,26,1,2026-02-28,41,59,2026-02-28
2025-26,22025,2544,0022500878,"Mar 01, 2026",LAL vs. SAC,W,27,8,15,0.533,3,4,0.75,5,6,0.833,0,1,1,5,2,1,3,0,24,13,1,2026-03-01,42,60,2026-03-01
2025-26,22025,2544,0022500891,"Mar 03, 2026",LAL vs. NOP,W,33,8,12,0.667,1,5,0.2,4,8,0.5,1,6,7,7,0,2,5,2,21,3,1,2026-03-03,43,61,2026-03-03
2025-26,22025,2544,0022500906,"Mar 05, 2026",LAL @ DEN,L,34,7,11,0.636,0,2,0.0,2,2,1.0,0,5,5,8,3,1,1,2,16,-10,1,2026-03-05,44,62,2026-03-05
2025-26,22025,2544,0022500960,"Mar 12, 2026",LAL vs. CHI,W,33,7,13,0.538,0,2,0.0,4,6,0.667,2,5,7,7,2,1,4,1,18,12,1,2026-03-12,45,66,2026-03-12
2025-26,22025,2544,0022500974,"Mar 14, 2026",LAL vs. DEN,W,40,7,13,0.538,1,3,0.333,2,3,0.667,0,6,6,5,2,0,5,2,17,6,1,2026-03-14,46,67,2026-03-14
2025-26,22025,2544,0022500989,"Mar 16, 2026",LAL @ HOU,W,33,7,13,0.538,1,3,0.333,3,4,0.75,1,4,5,5,2,0,1,4,18,13,1,2026-03-16,47,68,2026-03-16
2025-26,22025,2544,0022501007,"Mar 18, 2026",LAL @ HOU,W,34,13,14,0.929,2,2,1.0,2,3,0.667,1,4,5,2,1,1,2,3,30,0,1,2026-03-18,48,69,2026-03-18
2025-26,22025,2544,0022501010,"Mar 19, 2026",LAL @ MIA,W,38,8,12,0.667,0,0,0.0,3,5,0.6,4,11,15,10,0,0,3,2,19,4,1,2026-03-19,49,70,2026-03-19
2025-26,22025,2544,0022501024,"Mar 21, 2026",LAL @ ORL,W,34,5,13,0.385,0,2,0.0,2,2,1.0,0,6,6,4,3,0,1,1,12,4,1,2026-03-21,50,71,2026-03-21
2025-26,22025,2544,0022501038,"Mar 23, 2026",LAL @ DET,L,39,4,10,0.4,1,2,0.5,3,3,1.0,1,8,9,10,0,1,4,2,12,-8,1,2026-03-23,51,72,2026-03-23
2025-26,22025,2544,0022501052,"Mar 25, 2026",LAL @ IND,W,34,9,17,0.529,0,1,0.0,5,5,1.0,1,8,9,9,1,0,1,1,23,24,1,2026-03-25,52,73,2026-03-25
2025-26,22025,2544,0022501075,"Mar 27, 2026",LAL vs. BKN,W,37,5,11,0.455,0,1,0.0,4,7,0.571,0,6,6,8,1,0,1,0,14,19,1,2026-03-27,53,74,2026-03-27
2025-26,22025,2544,0022501098,"Mar 30, 2026",LAL vs. WAS,W,33,8,16,0.5,1,3,0.333,4,6,0.667,1,9,10,12,0,1,4,0,21,25,1,2026-03-30,54,75,2026-03-30
2025-26,22025,2544,0022501103,"Mar 31, 2026",LAL vs. CLE,W,31,4,8,0.5,1,3,0.333,5,6,0.833,0,5,5,6,1,1,3,2,14,4,1,2026-03-31,55,76,2026-03-31
2025-26,22025,2544,0022501116,"Apr 02, 2026",LAL @ OKC,L,26,3,7,0.429,1,4,0.25,6,8,0.75,0,6,6,2,1,1,2,1,13,-37,1,2026-04-02,56,77,2026-04-02
2025-26,22025,2544,0022501140,"Apr 05, 2026",LAL @ DAL,L,39,12,22,0.545,1,6,0.167,5,9,0.556,0,9,9,15,1,0,4,1,30,1,1,2026-04-05,57,78,2026-04-05
2025-26,22025,2544,0022501170,"Apr 09, 2026",LAL @ GSW,W,32,11,17,0.647,3,5,0.6,1,2,0.5,0,8,8,11,2,1,4,1,26,19,1,2026-04-09,58,80,2026-04-09
2025-26,22025,2544,0022501185,"Apr 10, 2026",LAL vs. PHX,W,32,10,16,0.625,2,2,1.0,6,9,0.667,0,6,6,12,4,0,2,1,28,27,1,2026-04-10,59,81,2026-04-10
2025-26,22025,2544,0022501198,"Apr 12, 2026",LAL vs. UTA,W,17,6,15,0.4,0,3,0.0,6,7,0.857,0,4,4,6,3,0,4,0,18,14,1,2026-04-12,60,82,2026-04-12
